dep;semaine;sursaud_cl_age_corona;Nbre_pass_Corona;Nbre_pass_tot;Nbre_hospit_Corona;Nbre_acte_corona;Nbre_acte_tot
01;2020-S10;0;0;1929;0;;
01;2020-S10;A;0;351;0;;
01;2020-S10;B;0;751;0;;
01;2020-S10;C;0;371;0;;
01;2020-S10;D;0;172;0;;
01;2020-S10;E;0;284;0;;
01;2020-S11;0;29;1899;9;;
01;2020-S11;A;1;349;0;;
01;2020-S11;B;11;753;3;;
01;2020-S11;C;8;384;2;;
01;2020-S11;D;2;174;1;;
01;2020-S11;E;7;239;3;;
01;2020-S12;0;84;1196;35;;
01;2020-S12;A;2;185;0;;
01;2020-S12;B;27;445;3;;
01;2020-S12;C;31;271;15;;
01;2020-S12;D;14;104;12;;
01;2020-S12;E;10;191;5;;
01;2020-S13;0;232;1257;94;;
01;2020-S13;A;0;122;0;;
01;2020-S13;B;76;404;14;;
01;2020-S13;C;88;344;30;;
01;2020-S13;D;42;174;31;;
01;2020-S13;E;26;213;19;;
01;2020-S14;0;208;1238;89;;
01;2020-S14;A;5;129;1;;
01;2020-S14;B;70;438;10;;
01;2020-S14;C;66;313;25;;
01;2020-S14;D;23;154;14;;
01;2020-S14;E;44;204;39;;
02;2020-S10;0;57;2888;11;2;2376
02;2020-S10;A;5;669;4;0;643
02;2020-S10;B;31;1013;3;0;1048
02;2020-S10;C;19;528;2;1;368
02;2020-S10;D;0;251;0;1;115
02;2020-S10;E;2;427;2;0;159
02;2020-S11;0;96;2708;33;33;2631
02;2020-S11;A;0;676;0;5;748
02;2020-S11;B;35;933;3;16;1140
02;2020-S11;C;27;502;8;9;429
02;2020-S11;D;18;233;10;1;119
02;2020-S11;E;16;363;12;2;170
02;2020-S12;0;175;1619;75;119;1650
02;2020-S12;A;1;294;0;20;417
02;2020-S12;B;43;535;8;53;717
02;2020-S12;C;57;356;24;29;286
02;2020-S12;D;26;170;15;9;95
02;2020-S12;E;48;263;28;4;106
02;2020-S13;0;445;1620;149;199;1338
02;2020-S13;A;4;223;1;10;240
02;2020-S13;B;152;531;14;122;577
02;2020-S13;C;137;419;36;38;256
02;2020-S13;D;72;180;45;12;95
02;2020-S13;E;80;267;53;16;151
02;2020-S14;0;447;1585;134;116;1026
02;2020-S14;A;3;207;0;6;177
02;2020-S14;B;149;518;11;69;450
02;2020-S14;C;145;388;25;27;212
02;2020-S14;D;65;192;45;7;66
02;2020-S14;E;85;280;53;5;107
03;2020-S10;0;0;1195;0;;
03;2020-S10;A;0;182;0;;
03;2020-S10;B;0;436;0;;
03;2020-S10;C;0;228;0;;
03;2020-S10;D;0;107;0;;
03;2020-S10;E;0;242;0;;
03;2020-S11;0;30;1240;28;;
03;2020-S11;A;2;205;1;;
03;2020-S11;B;19;436;19;;
03;2020-S11;C;8;256;7;;
03;2020-S11;D;0;122;0;;
03;2020-S11;E;1;221;1;;
03;2020-S12;0;103;678;64;;
03;2020-S12;A;2;53;0;;
03;2020-S12;B;41;230;16;;
03;2020-S12;C;25;162;14;;
03;2020-S12;D;6;67;6;;
03;2020-S12;E;29;166;28;;
03;2020-S13;0;263;806;157;;
03;2020-S13;A;0;47;0;;
03;2020-S13;B;130;311;72;;
03;2020-S13;C;77;201;42;;
03;2020-S13;D;23;91;15;;
03;2020-S13;E;33;156;28;;
03;2020-S14;0;118;743;43;;
03;2020-S14;A;1;55;0;;
03;2020-S14;B;46;262;8;;
03;2020-S14;C;34;183;9;;
03;2020-S14;D;14;89;8;;
03;2020-S14;E;23;154;18;;
04;2020-S10;0;0;1213;0;;
04;2020-S10;A;0;236;0;;
04;2020-S10;B;0;406;0;;
04;2020-S10;C;0;262;0;;
04;2020-S10;D;0;116;0;;
04;2020-S10;E;0;193;0;;
04;2020-S11;0;8;1118;6;;
04;2020-S11;A;0;182;0;;
04;2020-S11;B;1;380;1;;
04;2020-S11;C;3;261;1;;
04;2020-S11;D;4;113;4;;
04;2020-S11;E;0;182;0;;
04;2020-S12;0;27;749;14;;
04;2020-S12;A;0;113;0;;
04;2020-S12;B;12;265;4;;
04;2020-S12;C;10;193;5;;
04;2020-S12;D;2;74;2;;
04;2020-S12;E;3;104;3;;
04;2020-S13;0;59;733;26;;
04;2020-S13;A;0;51;0;;
04;2020-S13;B;15;266;2;;
04;2020-S13;C;27;222;12;;
04;2020-S13;D;10;84;5;;
04;2020-S13;E;7;110;7;;
04;2020-S14;0;35;663;18;;
04;2020-S14;A;0;56;0;;
04;2020-S14;B;11;253;4;;
04;2020-S14;C;9;165;2;;
04;2020-S14;D;10;77;7;;
04;2020-S14;E;5;112;5;;
05;2020-S10;0;24;1165;9;;
05;2020-S10;A;4;235;1;;
05;2020-S10;B;9;426;2;;
05;2020-S10;C;11;265;6;;
05;2020-S10;D;0;110;0;;
05;2020-S10;E;0;129;0;;
05;2020-S11;0;103;1133;11;;
05;2020-S11;A;6;173;1;;
05;2020-S11;B;47;443;4;;
05;2020-S11;C;40;256;3;;
05;2020-S11;D;5;103;2;;
05;2020-S11;E;5;158;1;;
05;2020-S12;0;183;738;37;;
05;2020-S12;A;6;89;1;;
05;2020-S12;B;76;273;4;;
05;2020-S12;C;75;226;16;;
05;2020-S12;D;10;57;5;;
05;2020-S12;E;16;93;11;;
05;2020-S13;0;165;782;51;;
05;2020-S13;A;2;65;0;;
05;2020-S13;B;63;292;4;;
05;2020-S13;C;51;222;11;;
05;2020-S13;D;24;82;16;;
05;2020-S13;E;25;121;20;;
05;2020-S14;0;104;672;25;;
05;2020-S14;A;0;62;0;;
05;2020-S14;B;37;244;1;;
05;2020-S14;C;41;179;5;;
05;2020-S14;D;15;82;9;;
05;2020-S14;E;11;105;10;;
06;2020-S10;0;90;6152;60;0;1221
06;2020-S10;A;5;1293;5;0;346
06;2020-S10;B;23;2167;8;0;479
06;2020-S10;C;19;1123;9;0;202
06;2020-S10;D;13;532;9;0;64
06;2020-S10;E;30;1037;29;0;130
06;2020-S11;0;264;5800;184;0;1214
06;2020-S11;A;31;1349;30;0;334
06;2020-S11;B;92;2104;54;0;484
06;2020-S11;C;57;1025;30;0;220
06;2020-S11;D;31;462;25;0;55
06;2020-S11;E;53;860;45;0;121
06;2020-S12;0;381;3676;213;109;1221
06;2020-S12;A;15;647;14;12;281
06;2020-S12;B;138;1272;51;56;498
06;2020-S12;C;93;786;45;27;239
06;2020-S12;D;46;322;31;9;75
06;2020-S12;E;89;649;72;5;128
06;2020-S13;0;575;3312;284;288;1184
06;2020-S13;A;6;467;4;29;193
06;2020-S13;B;201;1080;58;150;499
06;2020-S13;C;175;790;71;76;273
06;2020-S13;D;76;335;53;24;92
06;2020-S13;E;117;640;98;9;127
06;2020-S14;0;490;3345;287;219;1070
06;2020-S14;A;3;389;1;13;115
06;2020-S14;B;135;1082;45;124;447
06;2020-S14;C;159;837;87;55;250
06;2020-S14;D;74;364;54;14;86
06;2020-S14;E;119;673;100;13;171
07;2020-S10;0;2;1020;0;;
07;2020-S10;A;0;88;0;;
07;2020-S10;B;1;416;0;;
07;2020-S10;C;1;224;0;;
07;2020-S10;D;0;110;0;;
07;2020-S10;E;0;182;0;;
07;2020-S11;0;4;985;0;;
07;2020-S11;A;0;88;0;;
07;2020-S11;B;2;440;0;;
07;2020-S11;C;2;243;0;;
07;2020-S11;D;0;87;0;;
07;2020-S11;E;0;127;0;;
07;2020-S12;0;27;688;3;;
07;2020-S12;A;0;36;0;;
07;2020-S12;B;14;264;0;;
07;2020-S12;C;8;174;1;;
07;2020-S12;D;3;87;1;;
07;2020-S12;E;2;127;1;;
07;2020-S13;0;124;729;31;;
07;2020-S13;A;0;23;0;;
07;2020-S13;B;44;282;3;;
07;2020-S13;C;45;215;11;;
07;2020-S13;D;15;81;6;;
07;2020-S13;E;20;128;11;;
07;2020-S14;0;132;565;32;;
07;2020-S14;A;0;27;0;;
07;2020-S14;B;44;190;1;;
07;2020-S14;C;38;174;5;;
07;2020-S14;D;18;70;7;;
07;2020-S14;E;32;104;19;;
08;2020-S10;0;1;1686;0;;
08;2020-S10;A;0;389;0;;
08;2020-S10;B;0;569;0;;
08;2020-S10;C;1;298;0;;
08;2020-S10;D;0;169;0;;
08;2020-S10;E;0;261;0;;
08;2020-S11;0;1;1450;0;;
08;2020-S11;A;0;332;0;;
08;2020-S11;B;1;515;0;;
08;2020-S11;C;0;267;0;;
08;2020-S11;D;0;124;0;;
08;2020-S11;E;0;212;0;;
08;2020-S12;0;2;863;0;;
08;2020-S12;A;1;178;0;;
08;2020-S12;B;0;266;0;;
08;2020-S12;C;0;182;0;;
08;2020-S12;D;0;86;0;;
08;2020-S12;E;1;151;0;;
08;2020-S13;0;13;863;7;;
08;2020-S13;A;1;130;0;;
08;2020-S13;B;4;278;1;;
08;2020-S13;C;3;194;2;;
08;2020-S13;D;3;103;2;;
08;2020-S13;E;2;158;2;;
08;2020-S14;0;11;908;9;;
08;2020-S14;A;1;132;0;;
08;2020-S14;B;1;290;0;;
08;2020-S14;C;2;212;2;;
08;2020-S14;D;1;109;1;;
08;2020-S14;E;6;165;6;;
09;2020-S10;0;0;901;0;;
09;2020-S10;A;0;153;0;;
09;2020-S10;B;0;325;0;;
09;2020-S10;C;0;187;0;;
09;2020-S10;D;0;91;0;;
09;2020-S10;E;0;145;0;;
09;2020-S11;0;12;836;1;;
09;2020-S11;A;0;157;0;;
09;2020-S11;B;9;264;0;;
09;2020-S11;C;3;171;1;;
09;2020-S11;D;0;80;0;;
09;2020-S11;E;0;164;0;;
09;2020-S12;0;4;405;1;;
09;2020-S12;A;1;56;1;;
09;2020-S12;B;0;125;0;;
09;2020-S12;C;3;94;0;;
09;2020-S12;D;0;52;0;;
09;2020-S12;E;0;78;0;;
09;2020-S13;0;20;377;8;;
09;2020-S13;A;1;33;0;;
09;2020-S13;B;5;119;1;;
09;2020-S13;C;6;108;3;;
09;2020-S13;D;3;40;1;;
09;2020-S13;E;5;77;3;;
09;2020-S14;0;47;432;16;;
09;2020-S14;A;0;31;0;;
09;2020-S14;B;20;155;1;;
09;2020-S14;C;10;95;3;;
09;2020-S14;D;8;55;4;;
09;2020-S14;E;9;96;8;;
10;2020-S10;0;0;1361;0;1;988
10;2020-S10;A;0;310;0;0;301
10;2020-S10;B;0;516;0;1;468
10;2020-S10;C;0;208;0;0;126
10;2020-S10;D;0;97;0;0;32
10;2020-S10;E;0;230;0;0;60
10;2020-S11;0;2;1295;2;6;1033
10;2020-S11;A;0;311;0;2;328
10;2020-S11;B;0;478;0;3;471
10;2020-S11;C;0;202;0;1;144
10;2020-S11;D;0;101;0;0;27
10;2020-S11;E;2;203;2;0;63
10;2020-S12;0;50;864;19;62;868
10;2020-S12;A;0;139;0;2;228
10;2020-S12;B;24;324;5;42;432
10;2020-S12;C;11;161;2;15;129
10;2020-S12;D;5;83;4;1;30
10;2020-S12;E;10;157;8;2;49
10;2020-S13;0;124;826;62;93;686
10;2020-S13;A;2;84;2;3;110
10;2020-S13;B;31;313;5;59;366
10;2020-S13;C;42;201;19;16;126
10;2020-S13;D;28;88;16;9;35
10;2020-S13;E;21;140;20;6;49
10;2020-S14;0;124;780;65;79;507
10;2020-S14;A;1;86;1;2;74
10;2020-S14;B;34;277;3;50;285
10;2020-S14;C;36;189;14;20;93
10;2020-S14;D;19;83;17;1;13
10;2020-S14;E;34;145;30;6;42
11;2020-S10;0;0;2044;0;;
11;2020-S10;A;0;396;0;;
11;2020-S10;B;0;756;0;;
11;2020-S10;C;0;406;0;;
11;2020-S10;D;0;195;0;;
11;2020-S10;E;0;291;0;;
11;2020-S11;0;36;1973;5;;
11;2020-S11;A;4;415;0;;
11;2020-S11;B;19;678;1;;
11;2020-S11;C;9;394;1;;
11;2020-S11;D;3;205;3;;
11;2020-S11;E;1;281;0;;
11;2020-S12;0;80;1085;36;;
11;2020-S12;A;3;125;0;;
11;2020-S12;B;24;386;4;;
11;2020-S12;C;27;277;8;;
11;2020-S12;D;15;121;14;;
11;2020-S12;E;11;176;10;;
11;2020-S13;0;132;1011;69;;
11;2020-S13;A;5;101;2;;
11;2020-S13;B;35;328;4;;
11;2020-S13;C;39;271;16;;
11;2020-S13;D;22;116;20;;
11;2020-S13;E;31;195;27;;
11;2020-S14;0;96;976;31;;
11;2020-S14;A;1;83;1;;
11;2020-S14;B;40;310;4;;
11;2020-S14;C;26;268;6;;
11;2020-S14;D;14;145;7;;
11;2020-S14;E;15;169;13;;
12;2020-S10;0;0;925;0;;
12;2020-S10;A;0;147;0;;
12;2020-S10;B;0;335;0;;
12;2020-S10;C;0;188;0;;
12;2020-S10;D;0;96;0;;
12;2020-S10;E;0;159;0;;
12;2020-S11;0;0;908;0;;
12;2020-S11;A;0;154;0;;
12;2020-S11;B;0;330;0;;
12;2020-S11;C;0;181;0;;
12;2020-S11;D;0;96;0;;
12;2020-S11;E;0;147;0;;
12;2020-S12;0;3;485;0;;
12;2020-S12;A;0;62;0;;
12;2020-S12;B;2;161;0;;
12;2020-S12;C;1;117;0;;
12;2020-S12;D;0;48;0;;
12;2020-S12;E;0;97;0;;
12;2020-S13;0;3;396;0;;
12;2020-S13;A;0;34;0;;
12;2020-S13;B;0;123;0;;
12;2020-S13;C;2;103;0;;
12;2020-S13;D;1;60;0;;
12;2020-S13;E;0;76;0;;
12;2020-S14;0;0;388;0;;
12;2020-S14;A;0;36;0;;
12;2020-S14;B;0;124;0;;
12;2020-S14;C;0;88;0;;
12;2020-S14;D;0;57;0;;
12;2020-S14;E;0;83;0;;
13;2020-S10;0;40;9796;17;8;1459
13;2020-S10;A;6;2440;2;2;542
13;2020-S10;B;20;3668;10;3;521
13;2020-S10;C;7;1734;1;1;206
13;2020-S10;D;4;659;2;1;62
13;2020-S10;E;3;1295;2;1;122
13;2020-S11;0;52;9236;20;50;1837
13;2020-S11;A;0;2426;0;12;699
13;2020-S11;B;18;3300;2;26;680
13;2020-S11;C;17;1701;2;7;234
13;2020-S11;D;2;640;2;2;84
13;2020-S11;E;15;1169;14;1;127
13;2020-S12;0;241;6133;116;172;1431
13;2020-S12;A;5;1169;0;35;528
13;2020-S12;B;98;2246;24;81;537
13;2020-S12;C;84;1398;42;33;205
13;2020-S12;D;23;492;21;16;76
13;2020-S12;E;31;828;29;7;85
13;2020-S13;0;738;5940;410;231;1528
13;2020-S13;A;8;773;0;27;384
13;2020-S13;B;246;2212;70;113;633
13;2020-S13;C;269;1563;152;59;271
13;2020-S13;D;94;558;77;14;98
13;2020-S13;E;121;834;111;18;142
13;2020-S14;0;595;5662;303;153;1417
13;2020-S14;A;7;717;1;10;278
13;2020-S14;B;192;2145;42;84;546
13;2020-S14;C;188;1419;89;34;294
13;2020-S14;D;99;511;76;12;107
13;2020-S14;E;109;870;95;13;192
14;2020-S10;0;17;3068;8;6;2697
14;2020-S10;A;2;676;0;1;844
14;2020-S10;B;10;1061;4;4;1220
14;2020-S10;C;4;540;3;0;374
14;2020-S10;D;1;315;1;1;101
14;2020-S10;E;0;476;0;0;158
14;2020-S11;0;141;2805;13;61;2789
14;2020-S11;A;13;628;1;11;908
14;2020-S11;B;71;1053;5;37;1288
14;2020-S11;C;33;501;2;11;358
14;2020-S11;D;17;237;1;0;73
14;2020-S11;E;7;386;4;2;162
14;2020-S12;0;292;1900;35;317;1763
14;2020-S12;A;3;289;1;51;494
14;2020-S12;B;171;677;9;191;808
14;2020-S12;C;94;437;10;53;262
14;2020-S12;D;9;195;3;12;81
14;2020-S12;E;15;302;12;10;115
14;2020-S13;0;227;1643;77;444;1493
14;2020-S13;A;2;234;0;29;281
14;2020-S13;B;95;549;10;302;737
14;2020-S13;C;66;385;21;79;245
14;2020-S13;D;23;189;14;18;90
14;2020-S13;E;41;286;32;16;140
14;2020-S14;0;231;1618;96;281;1283
14;2020-S14;A;2;216;0;18;210
14;2020-S14;B;90;554;14;177;617
14;2020-S14;C;66;388;27;64;233
14;2020-S14;D;32;182;22;13;86
14;2020-S14;E;41;278;33;9;137
15;2020-S10;0;0;556;0;;
15;2020-S10;A;0;84;0;;
15;2020-S10;B;0;185;0;;
15;2020-S10;C;0;128;0;;
15;2020-S10;D;0;38;0;;
15;2020-S10;E;0;121;0;;
15;2020-S11;0;2;575;2;;
15;2020-S11;A;0;94;0;;
15;2020-S11;B;0;181;0;;
15;2020-S11;C;0;117;0;;
15;2020-S11;D;1;59;1;;
15;2020-S11;E;1;124;1;;
15;2020-S12;0;12;303;8;;
15;2020-S12;A;0;41;0;;
15;2020-S12;B;3;75;1;;
15;2020-S12;C;2;76;0;;
15;2020-S12;D;3;38;3;;
15;2020-S12;E;4;73;4;;
15;2020-S13;0;61;293;25;;
15;2020-S13;A;0;25;0;;
15;2020-S13;B;21;89;1;;
15;2020-S13;C;20;69;8;;
15;2020-S13;D;6;33;5;;
15;2020-S13;E;14;77;11;;
15;2020-S14;0;39;283;19;;
15;2020-S14;A;0;32;0;;
15;2020-S14;B;15;78;2;;
15;2020-S14;C;9;69;4;;
15;2020-S14;D;4;35;2;;
15;2020-S14;E;11;69;11;;
16;2020-S10;0;0;1577;0;;
16;2020-S10;A;0;125;0;;
16;2020-S10;B;0;564;0;;
16;2020-S10;C;0;341;0;;
16;2020-S10;D;0;171;0;;
16;2020-S10;E;0;376;0;;
16;2020-S11;0;1;1583;1;;
16;2020-S11;A;0;209;0;;
16;2020-S11;B;1;563;1;;
16;2020-S11;C;0;332;0;;
16;2020-S11;D;0;159;0;;
16;2020-S11;E;0;320;0;;
16;2020-S12;0;29;896;10;;
16;2020-S12;A;1;66;1;;
16;2020-S12;B;14;325;3;;
16;2020-S12;C;6;190;1;;
16;2020-S12;D;3;99;3;;
16;2020-S12;E;5;216;2;;
16;2020-S13;0;138;835;29;;
16;2020-S13;A;0;60;0;;
16;2020-S13;B;62;295;3;;
16;2020-S13;C;48;223;11;;
16;2020-S13;D;12;89;6;;
16;2020-S13;E;16;168;9;;
16;2020-S14;0;111;891;42;;
16;2020-S14;A;0;68;0;;
16;2020-S14;B;37;277;4;;
16;2020-S14;C;32;220;10;;
16;2020-S14;D;15;118;8;;
16;2020-S14;E;27;208;20;;
17;2020-S10;0;23;3045;9;0;407
17;2020-S10;A;2;343;0;0;107
17;2020-S10;B;3;976;0;0;158
17;2020-S10;C;12;638;5;0;60
17;2020-S10;D;1;404;0;0;24
17;2020-S10;E;5;683;4;0;57
17;2020-S11;0;70;2775;10;0;413
17;2020-S11;A;9;376;0;0;103
17;2020-S11;B;23;879;0;0;166
17;2020-S11;C;27;551;5;0;71
17;2020-S11;D;9;345;4;0;27
17;2020-S11;E;2;624;1;0;46
17;2020-S12;0;181;1877;38;6;316
17;2020-S12;A;12;233;5;0;70
17;2020-S12;B;73;593;5;5;143
17;2020-S12;C;49;409;9;0;45
17;2020-S12;D;14;228;4;1;20
17;2020-S12;E;33;414;15;0;38
17;2020-S13;0;183;1739;61;37;247
17;2020-S13;A;4;178;2;4;35
17;2020-S13;B;56;481;2;22;97
17;2020-S13;C;51;428;17;8;51
17;2020-S13;D;37;240;14;1;27
17;2020-S13;E;35;412;26;2;37
17;2020-S14;0;148;1702;61;45;232
17;2020-S14;A;1;174;0;6;26
17;2020-S14;B;38;491;7;27;92
17;2020-S14;C;51;391;13;8;49
17;2020-S14;D;23;231;10;2;24
17;2020-S14;E;35;415;31;2;41
18;2020-S10;0;0;863;0;0;1574
18;2020-S10;A;0;130;0;0;419
18;2020-S10;B;0;274;0;0;810
18;2020-S10;C;0;185;0;0;247
18;2020-S10;D;0;80;0;0;47
18;2020-S10;E;0;194;0;0;51
18;2020-S11;0;36;893;0;0;1472
18;2020-S11;A;13;170;0;0;421
18;2020-S11;B;18;281;0;0;729
18;2020-S11;C;3;174;0;0;230
18;2020-S11;D;2;106;0;0;56
18;2020-S11;E;0;162;0;0;36
18;2020-S12;0;97;644;2;13;1017
18;2020-S12;A;2;69;0;0;243
18;2020-S12;B;52;216;1;10;505
18;2020-S12;C;36;161;0;2;192
18;2020-S12;D;3;60;0;0;45
18;2020-S12;E;4;138;1;1;32
18;2020-S13;0;93;593;3;38;567
18;2020-S13;A;1;57;0;2;99
18;2020-S13;B;51;192;2;31;295
18;2020-S13;C;27;149;0;5;108
18;2020-S13;D;4;57;0;0;28
18;2020-S13;E;10;138;1;0;37
18;2020-S14;0;129;603;5;58;491
18;2020-S14;A;0;41;0;5;63
18;2020-S14;B;40;193;1;38;249
18;2020-S14;C;34;144;1;12;116
18;2020-S14;D;19;73;1;1;28
18;2020-S14;E;36;152;2;2;35
19;2020-S10;0;2;1262;2;;
19;2020-S10;A;0;186;0;;
19;2020-S10;B;0;425;0;;
19;2020-S10;C;2;259;2;;
19;2020-S10;D;0;131;0;;
19;2020-S10;E;0;261;0;;
19;2020-S11;0;3;1077;2;;
19;2020-S11;A;0;161;0;;
19;2020-S11;B;3;367;2;;
19;2020-S11;C;0;221;0;;
19;2020-S11;D;0;96;0;;
19;2020-S11;E;0;232;0;;
19;2020-S12;0;39;641;39;;
19;2020-S12;A;2;71;2;;
19;2020-S12;B;10;192;10;;
19;2020-S12;C;8;135;8;;
19;2020-S12;D;5;78;5;;
19;2020-S12;E;14;165;14;;
19;2020-S13;0;113;562;106;;
19;2020-S13;A;5;49;4;;
19;2020-S13;B;33;170;29;;
19;2020-S13;C;28;134;26;;
19;2020-S13;D;15;51;15;;
19;2020-S13;E;32;158;32;;
19;2020-S14;0;147;618;131;;
19;2020-S14;A;10;60;10;;
19;2020-S14;B;43;184;34;;
19;2020-S14;C;38;143;31;;
19;2020-S14;D;14;59;14;;
19;2020-S14;E;42;172;42;;
21;2020-S10;0;47;2164;22;5;1050
21;2020-S10;A;0;253;0;0;268
21;2020-S10;B;14;862;4;3;472
21;2020-S10;C;12;449;4;2;165
21;2020-S10;D;8;231;5;0;53
21;2020-S10;E;13;369;9;0;92
21;2020-S11;0;71;1951;42;61;891
21;2020-S11;A;1;234;0;7;232
21;2020-S11;B;21;749;5;32;435
21;2020-S11;C;15;419;11;13;126
21;2020-S11;D;13;194;8;3;42
21;2020-S11;E;21;355;18;6;56
21;2020-S12;0;96;1119;44;145;482
21;2020-S12;A;3;103;0;11;94
21;2020-S12;B;41;416;12;84;218
21;2020-S12;C;24;266;6;30;92
21;2020-S12;D;5;133;3;10;33
21;2020-S12;E;23;200;23;10;45
21;2020-S13;0;186;1052;76;185;482
21;2020-S13;A;4;70;0;7;67
21;2020-S13;B;64;375;7;113;238
21;2020-S13;C;55;271;18;40;84
21;2020-S13;D;24;138;19;13;40
21;2020-S13;E;39;198;32;12;53
21;2020-S14;0;147;972;58;110;379
21;2020-S14;A;3;78;0;6;52
21;2020-S14;B;63;383;8;74;192
21;2020-S14;C;45;237;21;19;56
21;2020-S14;D;12;107;10;2;26
21;2020-S14;E;24;167;19;9;53
22;2020-S10;0;1;1943;0;;
22;2020-S10;A;0;391;0;;
22;2020-S10;B;1;630;0;;
22;2020-S10;C;0;339;0;;
22;2020-S10;D;0;188;0;;
22;2020-S10;E;0;395;0;;
22;2020-S11;0;4;1759;0;;
22;2020-S11;A;1;397;0;;
22;2020-S11;B;2;559;0;;
22;2020-S11;C;1;326;0;;
22;2020-S11;D;0;185;0;;
22;2020-S11;E;0;292;0;;
22;2020-S12;0;35;1125;14;;
22;2020-S12;A;2;199;1;;
22;2020-S12;B;15;353;3;;
22;2020-S12;C;5;210;1;;
22;2020-S12;D;5;124;2;;
22;2020-S12;E;8;239;7;;
22;2020-S13;0;76;1026;49;;
22;2020-S13;A;0;149;0;;
22;2020-S13;B;23;311;6;;
22;2020-S13;C;18;219;12;;
22;2020-S13;D;16;116;13;;
22;2020-S13;E;19;231;18;;
22;2020-S14;0;85;954;60;;
22;2020-S14;A;0;136;0;;
22;2020-S14;B;25;306;10;;
22;2020-S14;C;16;192;10;;
22;2020-S14;D;11;105;10;;
22;2020-S14;E;33;215;30;;
23;2020-S10;0;0;456;0;;
23;2020-S10;A;0;52;0;;
23;2020-S10;B;0;122;0;;
23;2020-S10;C;0;108;0;;
23;2020-S10;D;0;45;0;;
23;2020-S10;E;0;129;0;;
23;2020-S11;0;4;461;1;;
23;2020-S11;A;0;67;0;;
23;2020-S11;B;1;139;0;;
23;2020-S11;C;3;107;1;;
23;2020-S11;D;0;46;0;;
23;2020-S11;E;0;102;0;;
23;2020-S12;0;82;376;2;;
23;2020-S12;A;4;37;0;;
23;2020-S12;B;46;128;0;;
23;2020-S12;C;30;82;1;;
23;2020-S12;D;2;51;1;;
23;2020-S12;E;0;78;0;;
23;2020-S13;0;120;363;4;;
23;2020-S13;A;0;24;0;;
23;2020-S13;B;72;140;2;;
23;2020-S13;C;36;99;1;;
23;2020-S13;D;6;40;0;;
23;2020-S13;E;6;60;1;;
23;2020-S14;0;115;359;21;;
23;2020-S14;A;3;23;1;;
23;2020-S14;B;54;113;3;;
23;2020-S14;C;34;87;5;;
23;2020-S14;D;9;42;2;;
23;2020-S14;E;15;94;10;;
24;2020-S10;0;1;1287;0;;
24;2020-S10;A;0;118;0;;
24;2020-S10;B;1;432;0;;
24;2020-S10;C;0;278;0;;
24;2020-S10;D;0;153;0;;
24;2020-S10;E;0;306;0;;
24;2020-S11;0;7;1227;6;;
24;2020-S11;A;0;141;0;;
24;2020-S11;B;2;431;2;;
24;2020-S11;C;4;272;3;;
24;2020-S11;D;0;135;0;;
24;2020-S11;E;1;248;1;;
24;2020-S12;0;26;742;20;;
24;2020-S12;A;2;62;2;;
24;2020-S12;B;8;221;5;;
24;2020-S12;C;8;177;7;;
24;2020-S12;D;3;102;2;;
24;2020-S12;E;5;180;4;;
24;2020-S13;0;167;833;54;;
24;2020-S13;A;2;50;1;;
24;2020-S13;B;62;267;12;;
24;2020-S13;C;55;234;12;;
24;2020-S13;D;15;104;9;;
24;2020-S13;E;33;178;20;;
24;2020-S14;0;180;821;67;;
24;2020-S14;A;4;44;0;;
24;2020-S14;B;79;313;26;;
24;2020-S14;C;41;196;9;;
24;2020-S14;D;18;96;7;;
24;2020-S14;E;38;172;25;;
25;2020-S10;0;12;1605;3;3;1111
25;2020-S10;A;2;357;0;1;273
25;2020-S10;B;8;573;1;0;428
25;2020-S10;C;0;300;0;1;183
25;2020-S10;D;0;136;0;1;82
25;2020-S10;E;2;239;2;0;103
25;2020-S11;0;50;1448;28;14;964
25;2020-S11;A;3;338;1;2;244
25;2020-S11;B;19;519;8;7;418
25;2020-S11;C;12;242;5;4;168
25;2020-S11;D;6;129;6;0;51
25;2020-S11;E;10;220;8;1;76
25;2020-S12;0;252;1082;76;103;812
25;2020-S12;A;23;211;6;12;178
25;2020-S12;B;101;350;9;54;336
25;2020-S12;C;69;220;16;24;164
25;2020-S12;D;28;113;19;6;56
25;2020-S12;E;31;188;26;7;72
25;2020-S13;0;379;1049;126;82;664
25;2020-S13;A;24;132;6;6;104
25;2020-S13;B;113;314;6;41;310
25;2020-S13;C;130;286;33;23;143
25;2020-S13;D;59;146;38;4;38
25;2020-S13;E;53;171;43;8;68
25;2020-S14;0;230;911;102;70;646
25;2020-S14;A;13;126;6;2;97
25;2020-S14;B;73;267;6;34;262
25;2020-S14;C;70;222;26;23;146
25;2020-S14;D;28;90;23;6;56
25;2020-S14;E;46;206;41;5;82
26;2020-S10;0;13;2353;0;;
26;2020-S10;A;1;568;0;;
26;2020-S10;B;8;794;0;;
26;2020-S10;C;4;437;0;;
26;2020-S10;D;0;204;0;;
26;2020-S10;E;0;350;0;;
26;2020-S11;0;25;2121;18;;
26;2020-S11;A;0;524;0;;
26;2020-S11;B;5;767;1;;
26;2020-S11;C;6;345;5;;
26;2020-S11;D;4;177;2;;
26;2020-S11;E;10;308;10;;
26;2020-S12;0;176;1325;78;;
26;2020-S12;A;17;260;6;;
26;2020-S12;B;61;411;9;;
26;2020-S12;C;32;280;12;;
26;2020-S12;D;25;139;16;;
26;2020-S12;E;41;235;35;;
26;2020-S13;0;278;1121;117;;
26;2020-S13;A;5;152;2;;
26;2020-S13;B;102;363;10;;
26;2020-S13;C;73;266;21;;
26;2020-S13;D;42;121;32;;
26;2020-S13;E;56;219;52;;
26;2020-S14;0;195;1030;69;;
26;2020-S14;A;8;152;1;;
26;2020-S14;B;75;342;5;;
26;2020-S14;C;53;269;13;;
26;2020-S14;D;22;91;19;;
26;2020-S14;E;37;176;31;;
27;2020-S10;0;0;1235;0;;
27;2020-S10;A;0;217;0;;
27;2020-S10;B;0;535;0;;
27;2020-S10;C;0;260;0;;
27;2020-S10;D;0;100;0;;
27;2020-S10;E;0;123;0;;
27;2020-S11;0;3;1390;0;;
27;2020-S11;A;0;232;0;;
27;2020-S11;B;0;612;0;;
27;2020-S11;C;3;316;0;;
27;2020-S11;D;0;85;0;;
27;2020-S11;E;0;145;0;;
27;2020-S12;0;11;679;1;;
27;2020-S12;A;0;77;0;;
27;2020-S12;B;6;300;1;;
27;2020-S12;C;4;138;0;;
27;2020-S12;D;1;68;0;;
27;2020-S12;E;0;96;0;;
27;2020-S13;0;44;747;4;;
27;2020-S13;A;0;75;0;;
27;2020-S13;B;26;323;1;;
27;2020-S13;C;14;182;1;;
27;2020-S13;D;1;80;0;;
27;2020-S13;E;3;87;2;;
27;2020-S14;0;40;729;6;;
27;2020-S14;A;0;68;0;;
27;2020-S14;B;28;320;2;;
27;2020-S14;C;8;175;2;;
27;2020-S14;D;2;65;0;;
27;2020-S14;E;2;101;2;;
28;2020-S10;0;3;2402;0;;
28;2020-S10;A;1;296;0;;
28;2020-S10;B;2;940;0;;
28;2020-S10;C;0;531;0;;
28;2020-S10;D;0;231;0;;
28;2020-S10;E;0;404;0;;
28;2020-S11;0;18;2224;2;;
28;2020-S11;A;1;337;0;;
28;2020-S11;B;11;892;0;;
28;2020-S11;C;2;444;0;;
28;2020-S11;D;1;214;1;;
28;2020-S11;E;3;337;1;;
28;2020-S12;0;53;1309;15;;
28;2020-S12;A;1;113;0;;
28;2020-S12;B;23;473;6;;
28;2020-S12;C;17;329;4;;
28;2020-S12;D;5;172;3;;
28;2020-S12;E;7;222;2;;
28;2020-S13;0;93;1263;28;;
28;2020-S13;A;0;95;0;;
28;2020-S13;B;29;446;5;;
28;2020-S13;C;37;321;9;;
28;2020-S13;D;15;148;8;;
28;2020-S13;E;12;253;6;;
28;2020-S14;0;90;1195;31;;
28;2020-S14;A;1;89;0;;
28;2020-S14;B;14;402;3;;
28;2020-S14;C;30;330;5;;
28;2020-S14;D;23;161;7;;
28;2020-S14;E;22;213;16;;
29;2020-S10;0;2;4349;1;0;1443
29;2020-S10;A;1;857;1;0;438
29;2020-S10;B;1;1511;0;0;630
29;2020-S10;C;0;767;0;0;223
29;2020-S10;D;0;464;0;0;62
29;2020-S10;E;0;749;0;0;88
29;2020-S11;0;3;4174;1;23;1504
29;2020-S11;A;3;873;1;13;497
29;2020-S11;B;0;1423;0;6;637
29;2020-S11;C;0;860;0;4;215
29;2020-S11;D;0;376;0;0;56
29;2020-S11;E;0;642;0;0;98
29;2020-S12;0;60;2920;3;74;1149
29;2020-S12;A;2;441;1;16;344
29;2020-S12;B;36;1000;0;39;500
29;2020-S12;C;16;675;1;11;198
29;2020-S12;D;3;299;1;4;44
29;2020-S12;E;3;505;0;4;62
29;2020-S13;0;85;2550;17;73;752
29;2020-S13;A;2;322;0;4;130
29;2020-S13;B;34;865;1;48;366
29;2020-S13;C;32;612;9;15;134
29;2020-S13;D;8;262;4;4;53
29;2020-S13;E;9;487;3;2;69
29;2020-S14;0;60;2523;14;36;580
29;2020-S14;A;0;324;0;0;91
29;2020-S14;B;27;825;5;26;271
29;2020-S14;C;14;573;4;3;112
29;2020-S14;D;6;262;0;3;46
29;2020-S14;E;13;539;5;4;59
2A;2020-S10;0;36;688;28;2;380
2A;2020-S10;A;6;108;4;0;102
2A;2020-S10;B;14;265;10;0;159
2A;2020-S10;C;9;147;7;0;73
2A;2020-S10;D;3;63;3;2;27
2A;2020-S10;E;4;105;4;0;12
2A;2020-S11;0;10;474;9;61;590
2A;2020-S11;A;2;71;2;8;136
2A;2020-S11;B;3;171;3;29;261
2A;2020-S11;C;4;113;3;15;128
2A;2020-S11;D;0;55;0;3;39
2A;2020-S11;E;1;64;1;5;22
2A;2020-S12;0;5;312;5;69;276
2A;2020-S12;A;0;24;0;3;64
2A;2020-S12;B;1;101;1;32;113
2A;2020-S12;C;0;91;0;27;63
2A;2020-S12;D;1;35;1;4;17
2A;2020-S12;E;3;61;3;3;19
2A;2020-S13;0;13;258;9;135;310
2A;2020-S13;A;0;22;0;8;45
2A;2020-S13;B;3;105;1;72;146
2A;2020-S13;C;5;70;3;34;72
2A;2020-S13;D;2;21;2;7;20
2A;2020-S13;E;3;40;3;14;27
2A;2020-S14;0;16;325;11;68;234
2A;2020-S14;A;0;29;0;11;42
2A;2020-S14;B;5;113;1;29;96
2A;2020-S14;C;4;90;4;16;52
2A;2020-S14;D;1;37;0;4;18
2A;2020-S14;E;6;56;6;8;26
2B;2020-S10;0;64;861;63;;
2B;2020-S10;A;9;147;9;;
2B;2020-S10;B;36;325;35;;
2B;2020-S10;C;18;188;18;;
2B;2020-S10;D;1;88;1;;
2B;2020-S10;E;0;113;0;;
2B;2020-S11;0;156;831;156;;
2B;2020-S11;A;21;124;21;;
2B;2020-S11;B;85;324;85;;
2B;2020-S11;C;39;199;39;;
2B;2020-S11;D;7;81;7;;
2B;2020-S11;E;4;103;4;;
2B;2020-S12;0;235;628;232;;
2B;2020-S12;A;19;63;19;;
2B;2020-S12;B;98;231;96;;
2B;2020-S12;C;83;182;83;;
2B;2020-S12;D;14;68;13;;
2B;2020-S12;E;21;84;21;;
2B;2020-S13;0;447;763;444;;
2B;2020-S13;A;7;34;6;;
2B;2020-S13;B;187;294;185;;
2B;2020-S13;C;163;255;163;;
2B;2020-S13;D;36;81;36;;
2B;2020-S13;E;54;99;54;;
2B;2020-S14;0;234;592;219;;
2B;2020-S14;A;6;38;4;;
2B;2020-S14;B;86;205;80;;
2B;2020-S14;C;91;179;86;;
2B;2020-S14;D;20;57;19;;
2B;2020-S14;E;31;113;30;;
30;2020-S10;0;0;3574;0;0;750
30;2020-S10;A;0;834;0;0;264
30;2020-S10;B;0;1289;0;0;316
30;2020-S10;C;0;622;0;0;101
30;2020-S10;D;0;301;0;0;30
30;2020-S10;E;0;528;0;0;39
30;2020-S11;0;1;3192;0;13;705
30;2020-S11;A;0;682;0;3;253
30;2020-S11;B;1;1149;0;5;270
30;2020-S11;C;0;598;0;3;116
30;2020-S11;D;0;303;0;1;28
30;2020-S11;E;0;460;0;1;38
30;2020-S12;0;40;1876;8;37;488
30;2020-S12;A;0;357;0;7;126
30;2020-S12;B;22;643;0;22;224
30;2020-S12;C;12;402;3;7;78
30;2020-S12;D;4;157;4;0;26
30;2020-S12;E;2;317;1;1;34
30;2020-S13;0;100;1843;30;96;501
30;2020-S13;A;3;232;1;4;94
30;2020-S13;B;38;663;4;57;239
30;2020-S13;C;27;452;4;26;105
30;2020-S13;D;15;198;8;6;29
30;2020-S13;E;17;298;13;3;34
30;2020-S14;0;89;1777;30;91;398
30;2020-S14;A;4;223;0;5;58
30;2020-S14;B;35;640;6;56;188
30;2020-S14;C;28;438;6;19;83
30;2020-S14;D;6;188;5;7;29
30;2020-S14;E;16;288;13;4;40
31;2020-S10;0;13;5775;9;1;1156
31;2020-S10;A;0;1237;0;1;354
31;2020-S10;B;5;2335;1;0;531
31;2020-S10;C;2;1103;2;0;137
31;2020-S10;D;2;395;2;0;45
31;2020-S10;E;4;705;4;0;89
31;2020-S11;0;174;5262;93;84;1232
31;2020-S11;A;13;1157;0;30;333
31;2020-S11;B;73;2210;22;43;606
31;2020-S11;C;37;915;22;8;165
31;2020-S11;D;15;361;14;2;48
31;2020-S11;E;36;619;35;1;80
31;2020-S12;0;265;3111;104;185;1016
31;2020-S12;A;102;617;21;27;214
31;2020-S12;B;75;1087;23;119;499
31;2020-S12;C;40;671;23;27;165
31;2020-S12;D;20;268;12;4;54
31;2020-S12;E;28;468;25;8;84
31;2020-S13;0;296;2746;160;220;911
31;2020-S13;A;58;421;10;18;116
31;2020-S13;B;105;992;45;150;502
31;2020-S13;C;67;614;45;36;178
31;2020-S13;D;24;251;20;5;39
31;2020-S13;E;42;468;40;11;76
31;2020-S14;0;536;2965;297;154;791
31;2020-S14;A;26;418;5;13;104
31;2020-S14;B;206;1060;77;99;395
31;2020-S14;C;157;687;89;33;151
31;2020-S14;D;57;268;48;5;51
31;2020-S14;E;90;532;78;4;90
32;2020-S10;0;1;558;1;;
32;2020-S10;A;0;101;0;;
32;2020-S10;B;0;179;0;;
32;2020-S10;C;0;109;0;;
32;2020-S10;D;1;41;1;;
32;2020-S10;E;0;128;0;;
32;2020-S11;0;17;476;11;;
32;2020-S11;A;0;79;0;;
32;2020-S11;B;6;159;2;;
32;2020-S11;C;4;91;3;;
32;2020-S11;D;2;44;1;;
32;2020-S11;E;5;103;5;;
32;2020-S12;0;37;347;14;;
32;2020-S12;A;1;35;0;;
32;2020-S12;B;13;104;3;;
32;2020-S12;C;16;87;5;;
32;2020-S12;D;3;39;2;;
32;2020-S12;E;4;82;4;;
32;2020-S13;0;80;394;43;;
32;2020-S13;A;2;26;2;;
32;2020-S13;B;25;133;6;;
32;2020-S13;C;21;80;8;;
32;2020-S13;D;9;47;8;;
32;2020-S13;E;23;108;19;;
32;2020-S14;0;66;355;48;;
32;2020-S14;A;2;33;2;;
32;2020-S14;B;21;99;11;;
32;2020-S14;C;13;81;6;;
32;2020-S14;D;5;40;5;;
32;2020-S14;E;25;102;24;;
33;2020-S10;0;5;5968;1;32;6695
33;2020-S10;A;0;1020;0;2;1806
33;2020-S10;B;2;2261;0;17;2917
33;2020-S10;C;3;1115;1;10;1095
33;2020-S10;D;0;558;0;2;323
33;2020-S10;E;0;1014;0;1;554
33;2020-S11;0;26;5769;9;340;6738
33;2020-S11;A;1;1175;0;44;1790
33;2020-S11;B;13;2165;3;212;3109
33;2020-S11;C;7;1110;3;68;1062
33;2020-S11;D;3;484;2;5;313
33;2020-S11;E;2;835;1;10;461
33;2020-S12;0;325;3775;102;927;5827
33;2020-S12;A;9;657;2;129;1425
33;2020-S12;B;152;1358;17;549;2624
33;2020-S12;C;86;792;27;181;1037
33;2020-S12;D;32;339;17;29;303
33;2020-S12;E;46;629;39;39;436
33;2020-S13;0;647;3828;231;940;4569
33;2020-S13;A;14;501;4;76;854
33;2020-S13;B;282;1281;38;536;1993
33;2020-S13;C;210;1008;79;249;975
33;2020-S13;D;56;384;42;47;288
33;2020-S13;E;85;654;68;32;456
33;2020-S14;0;509;3595;230;644;3950
33;2020-S14;A;8;498;5;57;688
33;2020-S14;B;212;1271;61;380;1729
33;2020-S14;C;150;848;59;147;823
33;2020-S14;D;52;355;30;35;282
33;2020-S14;E;87;623;75;25;428
34;2020-S10;0;11;6208;9;0;975
34;2020-S10;A;5;1572;5;0;339
34;2020-S10;B;1;2303;0;0;385
34;2020-S10;C;1;1037;0;0;159
34;2020-S10;D;1;496;1;0;40
34;2020-S10;E;3;800;3;0;52
34;2020-S11;0;71;5348;29;21;833
34;2020-S11;A;46;1283;16;10;299
34;2020-S11;B;10;1944;1;8;337
34;2020-S11;C;6;1015;3;1;132
34;2020-S11;D;3;442;3;2;30
34;2020-S11;E;6;664;6;0;35
34;2020-S12;0;134;3273;67;116;614
34;2020-S12;A;28;546;8;29;195
34;2020-S12;B;32;1167;5;60;250
34;2020-S12;C;20;738;11;21;96
34;2020-S12;D;16;307;12;3;43
34;2020-S12;E;38;515;31;3;30
34;2020-S13;0;299;3281;154;143;660
34;2020-S13;A;29;366;12;28;151
34;2020-S13;B;82;1320;15;77;303
34;2020-S13;C;97;864;53;25;123
34;2020-S13;D;40;315;32;8;43
34;2020-S13;E;51;416;42;5;40
34;2020-S14;0;249;2944;98;92;507
34;2020-S14;A;28;370;11;13;87
34;2020-S14;B;72;1126;9;52;230
34;2020-S14;C;70;714;18;15;94
34;2020-S14;D;34;296;24;3;43
34;2020-S14;E;45;438;36;9;52
35;2020-S10;0;1;4201;1;2;1301
35;2020-S10;A;0;1062;0;0;288
35;2020-S10;B;0;1594;0;1;584
35;2020-S10;C;1;664;1;1;166
35;2020-S10;D;0;297;0;0;69
35;2020-S10;E;0;584;0;0;194
35;2020-S11;0;44;3950;15;9;1305
35;2020-S11;A;16;995;1;5;297
35;2020-S11;B;10;1484;4;3;567
35;2020-S11;C;9;672;2;1;195
35;2020-S11;D;5;279;4;0;60
35;2020-S11;E;4;519;4;0;183
35;2020-S12;0;173;2528;86;86;1171
35;2020-S12;A;8;569;2;21;220
35;2020-S12;B;84;864;28;47;539
35;2020-S12;C;50;486;27;9;176
35;2020-S12;D;15;215;13;3;63
35;2020-S12;E;16;394;16;6;173
35;2020-S13;0;384;2508;166;155;998
35;2020-S13;A;3;474;3;10;129
35;2020-S13;B;183;889;44;95;477
35;2020-S13;C;108;535;42;28;154
35;2020-S13;D;47;219;35;13;91
35;2020-S13;E;43;391;42;9;147
35;2020-S14;0;330;2381;140;132;926
35;2020-S14;A;5;394;3;6;113
35;2020-S14;B;155;840;39;71;416
35;2020-S14;C;92;486;34;34;168
35;2020-S14;D;32;212;23;8;65
35;2020-S14;E;46;449;41;13;164
36;2020-S10;0;0;773;0;;
36;2020-S10;A;0;154;0;;
36;2020-S10;B;0;249;0;;
36;2020-S10;C;0;151;0;;
36;2020-S10;D;0;79;0;;
36;2020-S10;E;0;140;0;;
36;2020-S11;0;0;806;0;;
36;2020-S11;A;0;159;0;;
36;2020-S11;B;0;276;0;;
36;2020-S11;C;0;157;0;;
36;2020-S11;D;0;75;0;;
36;2020-S11;E;0;139;0;;
36;2020-S12;0;6;518;4;;
36;2020-S12;A;0;78;0;;
36;2020-S12;B;1;165;0;;
36;2020-S12;C;2;108;1;;
36;2020-S12;D;1;54;1;;
36;2020-S12;E;2;113;2;;
36;2020-S13;0;21;393;12;;
36;2020-S13;A;1;43;1;;
36;2020-S13;B;5;113;2;;
36;2020-S13;C;6;92;3;;
36;2020-S13;D;7;45;5;;
36;2020-S13;E;2;100;1;;
36;2020-S14;0;15;363;8;;
36;2020-S14;A;1;30;0;;
36;2020-S14;B;5;106;1;;
36;2020-S14;C;3;76;2;;
36;2020-S14;D;0;49;0;;
36;2020-S14;E;6;102;5;;
37;2020-S10;0;0;2376;0;2;1437
37;2020-S10;A;0;672;0;0;343
37;2020-S10;B;0;750;0;2;773
37;2020-S10;C;0;409;0;0;192
37;2020-S10;D;0;174;0;0;37
37;2020-S10;E;0;371;0;0;92
37;2020-S11;0;15;2260;9;4;1415
37;2020-S11;A;0;690;0;1;377
37;2020-S11;B;6;730;3;3;799
37;2020-S11;C;4;356;1;0;162
37;2020-S11;D;0;165;0;0;27
37;2020-S11;E;5;319;5;0;49
37;2020-S12;0;106;1404;54;61;949
37;2020-S12;A;3;401;1;0;192
37;2020-S12;B;47;379;12;49;536
37;2020-S12;C;25;254;14;9;127
37;2020-S12;D;8;135;8;1;36
37;2020-S12;E;23;235;19;2;57
37;2020-S13;0;133;1238;44;86;765
37;2020-S13;A;1;286;0;7;107
37;2020-S13;B;39;351;3;60;439
37;2020-S13;C;56;264;18;14;124
37;2020-S13;D;9;83;4;4;36
37;2020-S13;E;28;254;19;1;59
37;2020-S14;0;148;1274;51;51;644
37;2020-S14;A;0;285;0;4;82
37;2020-S14;B;54;341;8;33;347
37;2020-S14;C;48;298;20;9;115
37;2020-S14;D;15;115;8;3;34
37;2020-S14;E;31;235;15;2;66
38;2020-S10;0;0;6005;0;0;1519
38;2020-S10;A;0;1366;0;0;332
38;2020-S10;B;0;2199;0;0;649
38;2020-S10;C;0;1118;0;0;279
38;2020-S10;D;0;466;0;0;71
38;2020-S10;E;0;856;0;0;188
38;2020-S11;0;9;5415;1;67;1518
38;2020-S11;A;0;1300;0;12;325
38;2020-S11;B;5;2053;0;39;727
38;2020-S11;C;4;989;1;12;243
38;2020-S11;D;0;394;0;2;65
38;2020-S11;E;0;679;0;2;158
38;2020-S12;0;38;3265;13;244;1080
38;2020-S12;A;0;630;0;23;164
38;2020-S12;B;21;1106;4;138;520
38;2020-S12;C;6;693;1;64;216
38;2020-S12;D;3;292;0;7;62
38;2020-S12;E;8;544;8;12;118
38;2020-S13;0;437;3069;153;236;1093
38;2020-S13;A;10;469;0;15;145
38;2020-S13;B;186;1140;22;150;553
38;2020-S13;C;136;733;47;44;195
38;2020-S13;D;44;252;30;11;63
38;2020-S13;E;61;475;54;16;137
38;2020-S14;0;363;3091;126;160;925
38;2020-S14;A;6;461;0;11;115
38;2020-S14;B;147;1096;9;92;433
38;2020-S14;C;97;713;30;39;195
38;2020-S14;D;45;275;30;7;62
38;2020-S14;E;68;546;57;11;120
39;2020-S10;0;7;1471;3;;
39;2020-S10;A;0;247;0;;
39;2020-S10;B;6;530;2;;
39;2020-S10;C;0;319;0;;
39;2020-S10;D;0;110;0;;
39;2020-S10;E;1;265;1;;
39;2020-S11;0;37;1178;11;;
39;2020-S11;A;1;169;0;;
39;2020-S11;B;15;455;3;;
39;2020-S11;C;16;263;5;;
39;2020-S11;D;1;99;0;;
39;2020-S11;E;4;192;3;;
39;2020-S12;0;84;774;26;;
39;2020-S12;A;0;84;0;;
39;2020-S12;B;32;294;6;;
39;2020-S12;C;34;195;6;;
39;2020-S12;D;7;69;5;;
39;2020-S12;E;11;132;9;;
39;2020-S13;0;179;898;68;;
39;2020-S13;A;2;68;0;;
39;2020-S13;B;77;329;10;;
39;2020-S13;C;46;242;16;;
39;2020-S13;D;23;92;16;;
39;2020-S13;E;31;167;26;;
39;2020-S14;0;67;759;34;;
39;2020-S14;A;2;66;0;;
39;2020-S14;B;22;271;7;;
39;2020-S14;C;24;204;10;;
39;2020-S14;D;6;69;5;;
39;2020-S14;E;13;149;12;;
40;2020-S10;0;4;1271;0;;
40;2020-S10;A;0;217;0;;
40;2020-S10;B;3;401;0;;
40;2020-S10;C;0;232;0;;
40;2020-S10;D;1;168;0;;
40;2020-S10;E;0;253;0;;
40;2020-S11;0;32;1251;7;;
40;2020-S11;A;2;200;0;;
40;2020-S11;B;14;411;1;;
40;2020-S11;C;11;237;2;;
40;2020-S11;D;1;131;0;;
40;2020-S11;E;4;272;4;;
40;2020-S12;0;71;764;37;;
40;2020-S12;A;10;118;5;;
40;2020-S12;B;24;216;5;;
40;2020-S12;C;14;173;9;;
40;2020-S12;D;6;85;4;;
40;2020-S12;E;17;172;14;;
40;2020-S13;0;89;682;57;;
40;2020-S13;A;3;76;3;;
40;2020-S13;B;22;196;5;;
40;2020-S13;C;29;165;16;;
40;2020-S13;D;11;78;10;;
40;2020-S13;E;24;167;23;;
40;2020-S14;0;49;743;27;;
40;2020-S14;A;1;94;1;;
40;2020-S14;B;12;190;1;;
40;2020-S14;C;17;164;9;;
40;2020-S14;D;1;88;1;;
40;2020-S14;E;18;207;15;;
41;2020-S10;0;0;1692;0;;
41;2020-S10;A;0;386;0;;
41;2020-S10;B;0;558;0;;
41;2020-S10;C;0;329;0;;
41;2020-S10;D;0;133;0;;
41;2020-S10;E;0;285;0;;
41;2020-S11;0;1;1475;0;;
41;2020-S11;A;0;301;0;;
41;2020-S11;B;0;541;0;;
41;2020-S11;C;1;293;0;;
41;2020-S11;D;0;109;0;;
41;2020-S11;E;0;231;0;;
41;2020-S12;0;21;945;0;;
41;2020-S12;A;0;153;0;;
41;2020-S12;B;6;333;0;;
41;2020-S12;C;7;208;0;;
41;2020-S12;D;3;69;0;;
41;2020-S12;E;5;182;0;;
41;2020-S13;0;98;922;11;;
41;2020-S13;A;1;111;0;;
41;2020-S13;B;22;327;1;;
41;2020-S13;C;17;187;2;;
41;2020-S13;D;18;85;5;;
41;2020-S13;E;40;212;3;;
41;2020-S14;0;119;902;15;;
41;2020-S14;A;0;99;0;;
41;2020-S14;B;37;307;0;;
41;2020-S14;C;35;218;3;;
41;2020-S14;D;12;82;0;;
41;2020-S14;E;35;196;12;;
42;2020-S10;0;0;4857;0;0;1121
42;2020-S10;A;0;970;0;0;284
42;2020-S10;B;0;1847;0;0;416
42;2020-S10;C;0;937;0;0;183
42;2020-S10;D;0;408;0;0;71
42;2020-S10;E;0;695;0;0;167
42;2020-S11;0;11;4387;5;22;1052
42;2020-S11;A;2;836;0;5;291
42;2020-S11;B;5;1723;1;12;435
42;2020-S11;C;0;850;0;5;141
42;2020-S11;D;2;383;2;0;50
42;2020-S11;E;2;595;2;0;135
42;2020-S12;0;64;2737;37;56;755
42;2020-S12;A;0;390;0;4;155
42;2020-S12;B;18;969;3;35;322
42;2020-S12;C;17;613;9;10;130
42;2020-S12;D;9;273;6;3;48
42;2020-S12;E;20;492;19;4;100
42;2020-S13;0;326;2398;243;82;693
42;2020-S13;A;0;273;0;2;94
42;2020-S13;B;58;793;18;49;294
42;2020-S13;C;79;556;54;20;143
42;2020-S13;D;75;300;63;6;64
42;2020-S13;E;114;476;108;5;98
42;2020-S14;0;358;2345;215;104;605
42;2020-S14;A;0;276;0;7;69
42;2020-S14;B;92;761;15;53;232
42;2020-S14;C;92;568;48;25;140
42;2020-S14;D;62;255;50;10;64
42;2020-S14;E;112;485;102;9;100
43;2020-S10;0;0;187;0;;
43;2020-S10;A;0;25;0;;
43;2020-S10;B;0;70;0;;
43;2020-S10;C;0;39;0;;
43;2020-S10;D;0;23;0;;
43;2020-S10;E;0;30;0;;
43;2020-S11;0;0;185;0;;
43;2020-S11;A;0;26;0;;
43;2020-S11;B;0;56;0;;
43;2020-S11;C;0;43;0;;
43;2020-S11;D;0;16;0;;
43;2020-S11;E;0;44;0;;
43;2020-S12;0;0;108;0;;
43;2020-S12;A;0;11;0;;
43;2020-S12;B;0;34;0;;
43;2020-S12;C;0;26;0;;
43;2020-S12;D;0;11;0;;
43;2020-S12;E;0;26;0;;
43;2020-S13;0;1;108;0;;
43;2020-S13;A;0;7;0;;
43;2020-S13;B;0;36;0;;
43;2020-S13;C;1;32;0;;
43;2020-S13;D;0;11;0;;
43;2020-S13;E;0;22;0;;
43;2020-S14;0;7;107;3;;
43;2020-S14;A;0;10;0;;
43;2020-S14;B;4;33;1;;
43;2020-S14;C;2;27;1;;
43;2020-S14;D;0;14;0;;
43;2020-S14;E;1;23;1;;
44;2020-S10;0;89;3640;1;4;4094
44;2020-S10;A;14;772;0;0;1143
44;2020-S10;B;49;1419;0;0;1709
44;2020-S10;C;21;670;0;2;577
44;2020-S10;D;3;289;0;1;203
44;2020-S10;E;2;486;1;1;454
44;2020-S11;0;149;3527;5;89;4246
44;2020-S11;A;9;774;0;16;1186
44;2020-S11;B;101;1336;1;51;1803
44;2020-S11;C;32;693;2;16;618
44;2020-S11;D;4;279;0;4;200
44;2020-S11;E;3;444;2;2;429
44;2020-S12;0;103;2137;65;554;3467
44;2020-S12;A;0;409;0;123;974
44;2020-S12;B;18;690;4;280;1390
44;2020-S12;C;31;454;14;94;521
44;2020-S12;D;21;213;15;22;185
44;2020-S12;E;33;371;32;31;385
44;2020-S13;0;428;2087;231;637;2919
44;2020-S13;A;7;341;1;60;557
44;2020-S13;B;158;701;47;364;1281
44;2020-S13;C;113;499;51;127;509
44;2020-S13;D;62;223;53;40;190
44;2020-S13;E;88;322;79;46;379
44;2020-S14;0;392;2201;211;459;2585
44;2020-S14;A;16;352;6;56;444
44;2020-S14;B;121;743;37;253;1097
44;2020-S14;C;116;493;54;90;458
44;2020-S14;D;54;230;40;20;178
44;2020-S14;E;85;383;74;40;406
45;2020-S10;0;1;2810;1;0;403
45;2020-S10;A;0;679;0;0;79
45;2020-S10;B;1;1093;1;0;204
45;2020-S10;C;0;449;0;0;63
45;2020-S10;D;0;219;0;0;14
45;2020-S10;E;0;370;0;0;41
45;2020-S11;0;1;2589;0;7;435
45;2020-S11;A;0;681;0;0;73
45;2020-S11;B;1;929;0;6;249
45;2020-S11;C;0;444;0;0;47
45;2020-S11;D;0;180;0;0;16
45;2020-S11;E;0;355;0;1;44
45;2020-S12;0;7;1555;5;43;308
45;2020-S12;A;0;273;0;5;57
45;2020-S12;B;2;564;1;26;145
45;2020-S12;C;2;306;1;9;53
45;2020-S12;D;2;137;2;1;13
45;2020-S12;E;1;275;1;0;33
45;2020-S13;0;134;1506;76;29;211
45;2020-S13;A;2;208;0;1;29
45;2020-S13;B;42;583;12;23;98
45;2020-S13;C;39;311;22;3;41
45;2020-S13;D;23;152;18;2;21
45;2020-S13;E;28;252;24;0;18
45;2020-S14;0;209;1613;122;40;246
45;2020-S14;A;3;258;0;2;24
45;2020-S14;B;52;550;14;22;110
45;2020-S14;C;61;348;27;11;53
45;2020-S14;D;33;156;29;1;15
45;2020-S14;E;60;301;52;2;34
46;2020-S10;0;0;726;0;;
46;2020-S10;A;0;140;0;;
46;2020-S10;B;0;227;0;;
46;2020-S10;C;0;135;0;;
46;2020-S10;D;0;84;0;;
46;2020-S10;E;0;140;0;;
46;2020-S11;0;0;802;0;;
46;2020-S11;A;0;159;0;;
46;2020-S11;B;0;255;0;;
46;2020-S11;C;0;147;0;;
46;2020-S11;D;0;106;0;;
46;2020-S11;E;0;135;0;;
46;2020-S12;0;0;520;0;;
46;2020-S12;A;0;87;0;;
46;2020-S12;B;0;150;0;;
46;2020-S12;C;0;115;0;;
46;2020-S12;D;0;59;0;;
46;2020-S12;E;0;108;0;;
46;2020-S13;0;13;495;9;;
46;2020-S13;A;1;60;1;;
46;2020-S13;B;5;181;3;;
46;2020-S13;C;2;94;0;;
46;2020-S13;D;2;64;2;;
46;2020-S13;E;3;96;3;;
46;2020-S14;0;21;495;13;;
46;2020-S14;A;1;53;0;;
46;2020-S14;B;5;149;2;;
46;2020-S14;C;5;106;1;;
46;2020-S14;D;4;64;4;;
46;2020-S14;E;6;123;6;;
47;2020-S10;0;48;1570;4;;
47;2020-S10;A;5;230;0;;
47;2020-S10;B;18;559;1;;
47;2020-S10;C;17;303;2;;
47;2020-S10;D;6;141;0;;
47;2020-S10;E;2;337;1;;
47;2020-S11;0;206;1713;9;;
47;2020-S11;A;42;297;0;;
47;2020-S11;B;100;642;1;;
47;2020-S11;C;47;332;1;;
47;2020-S11;D;7;136;2;;
47;2020-S11;E;10;306;5;;
47;2020-S12;0;172;1045;28;;
47;2020-S12;A;6;154;2;;
47;2020-S12;B;89;361;5;;
47;2020-S12;C;53;237;3;;
47;2020-S12;D;5;78;2;;
47;2020-S12;E;19;215;16;;
47;2020-S13;0;123;901;49;;
47;2020-S13;A;4;102;4;;
47;2020-S13;B;55;312;7;;
47;2020-S13;C;34;198;12;;
47;2020-S13;D;11;100;7;;
47;2020-S13;E;19;189;19;;
47;2020-S14;0;86;929;35;;
47;2020-S14;A;5;95;2;;
47;2020-S14;B;26;291;4;;
47;2020-S14;C;25;218;6;;
47;2020-S14;D;9;114;6;;
47;2020-S14;E;21;211;17;;
48;2020-S10;0;0;257;0;;
48;2020-S10;A;0;49;0;;
48;2020-S10;B;0;103;0;;
48;2020-S10;C;0;42;0;;
48;2020-S10;D;0;23;0;;
48;2020-S10;E;0;40;0;;
48;2020-S11;0;6;225;3;;
48;2020-S11;A;0;40;0;;
48;2020-S11;B;2;69;0;;
48;2020-S11;C;2;49;1;;
48;2020-S11;D;1;22;1;;
48;2020-S11;E;1;45;1;;
48;2020-S12;0;6;108;0;;
48;2020-S12;A;0;15;0;;
48;2020-S12;B;2;32;0;;
48;2020-S12;C;3;29;0;;
48;2020-S12;D;1;12;0;;
48;2020-S12;E;0;20;0;;
48;2020-S13;0;11;130;1;;
48;2020-S13;A;0;8;0;;
48;2020-S13;B;3;51;0;;
48;2020-S13;C;3;23;1;;
48;2020-S13;D;4;24;0;;
48;2020-S13;E;1;24;0;;
48;2020-S14;0;7;126;1;;
48;2020-S14;A;0;14;0;;
48;2020-S14;B;1;52;0;;
48;2020-S14;C;3;33;1;;
48;2020-S14;D;1;7;0;;
48;2020-S14;E;2;20;0;;
49;2020-S10;0;29;2794;10;;
49;2020-S10;A;0;648;0;;
49;2020-S10;B;13;1118;2;;
49;2020-S10;C;8;430;2;;
49;2020-S10;D;4;189;3;;
49;2020-S10;E;4;409;3;;
49;2020-S11;0;51;2580;16;;
49;2020-S11;A;2;664;0;;
49;2020-S11;B;20;937;2;;
49;2020-S11;C;12;435;2;;
49;2020-S11;D;10;195;6;;
49;2020-S11;E;7;349;6;;
49;2020-S12;0;181;1739;54;;
49;2020-S12;A;2;401;0;;
49;2020-S12;B;81;582;11;;
49;2020-S12;C;48;351;11;;
49;2020-S12;D;23;148;12;;
49;2020-S12;E;27;257;20;;
49;2020-S13;0;290;1623;94;;
49;2020-S13;A;9;287;0;;
49;2020-S13;B;116;529;13;;
49;2020-S13;C;88;369;31;;
49;2020-S13;D;34;159;20;;
49;2020-S13;E;43;279;30;;
49;2020-S14;0;247;1613;99;;
49;2020-S14;A;3;286;0;;
49;2020-S14;B;94;507;10;;
49;2020-S14;C;68;341;25;;
49;2020-S14;D;38;177;27;;
49;2020-S14;E;44;302;37;;
50;2020-S10;0;0;2632;0;0;1195
50;2020-S10;A;0;507;0;0;285
50;2020-S10;B;0;918;0;0;564
50;2020-S10;C;0;468;0;0;217
50;2020-S10;D;0;243;0;0;61
50;2020-S10;E;0;496;0;0;68
50;2020-S11;0;12;2423;5;11;1200
50;2020-S11;A;0;512;0;3;336
50;2020-S11;B;4;851;0;7;536
50;2020-S11;C;3;413;0;1;223
50;2020-S11;D;0;221;0;0;41
50;2020-S11;E;5;426;5;0;64
50;2020-S12;0;32;1393;23;101;769
50;2020-S12;A;0;223;0;6;165
50;2020-S12;B;5;405;2;58;320
50;2020-S12;C;14;308;9;33;185
50;2020-S12;D;8;145;7;1;41
50;2020-S12;E;5;312;5;3;58
50;2020-S13;0;85;1272;70;129;471
50;2020-S13;A;0;154;0;3;67
50;2020-S13;B;18;375;13;85;223
50;2020-S13;C;32;294;23;26;98
50;2020-S13;D;14;161;14;8;31
50;2020-S13;E;21;287;20;7;52
50;2020-S14;0;86;1319;61;47;416
50;2020-S14;A;0;143;0;3;58
50;2020-S14;B;26;432;14;26;181
50;2020-S14;C;26;309;17;16;107
50;2020-S14;D;10;144;8;1;20
50;2020-S14;E;24;291;22;1;50
51;2020-S10;0;8;2432;4;0;351
51;2020-S10;A;0;552;0;0;129
51;2020-S10;B;4;976;2;0;143
51;2020-S10;C;1;409;0;0;40
51;2020-S10;D;3;183;2;0;11
51;2020-S10;E;0;311;0;0;28
51;2020-S11;0;14;2174;5;7;267
51;2020-S11;A;0;512;0;0;89
51;2020-S11;B;7;850;2;7;122
51;2020-S11;C;5;391;2;0;27
51;2020-S11;D;2;160;1;0;10
51;2020-S11;E;0;261;0;0;19
51;2020-S12;0;91;1339;35;42;268
51;2020-S12;A;0;242;0;2;87
51;2020-S12;B;33;445;3;38;129
51;2020-S12;C;30;282;11;1;24
51;2020-S12;D;8;139;3;1;10
51;2020-S12;E;20;231;18;0;18
51;2020-S13;0;188;1121;83;50;236
51;2020-S13;A;0;127;0;1;45
51;2020-S13;B;75;364;7;37;120
51;2020-S13;C;52;269;21;10;41
51;2020-S13;D;26;153;23;1;14
51;2020-S13;E;35;208;32;1;15
51;2020-S14;0;119;1127;63;25;191
51;2020-S14;A;0;153;0;0;32
51;2020-S14;B;32;367;5;15;83
51;2020-S14;C;34;270;12;8;36
51;2020-S14;D;21;125;18;1;13
51;2020-S14;E;32;212;28;1;27
52;2020-S10;0;0;881;0;;
52;2020-S10;A;0;150;0;;
52;2020-S10;B;0;314;0;;
52;2020-S10;C;0;187;0;;
52;2020-S10;D;0;87;0;;
52;2020-S10;E;0;143;0;;
52;2020-S11;0;3;811;1;;
52;2020-S11;A;0;160;0;;
52;2020-S11;B;3;295;1;;
52;2020-S11;C;0;146;0;;
52;2020-S11;D;0;84;0;;
52;2020-S11;E;0;126;0;;
52;2020-S12;0;68;576;11;;
52;2020-S12;A;1;77;1;;
52;2020-S12;B;28;198;0;;
52;2020-S12;C;25;130;1;;
52;2020-S12;D;6;67;2;;
52;2020-S12;E;8;104;7;;
52;2020-S13;0;180;521;42;;
52;2020-S13;A;1;52;0;;
52;2020-S13;B;79;190;1;;
52;2020-S13;C;53;112;10;;
52;2020-S13;D;25;74;15;;
52;2020-S13;E;22;93;16;;
52;2020-S14;0;116;515;43;;
52;2020-S14;A;1;58;0;;
52;2020-S14;B;47;182;4;;
52;2020-S14;C;31;124;9;;
52;2020-S14;D;13;41;10;;
52;2020-S14;E;24;110;20;;
53;2020-S10;0;2;517;0;;
53;2020-S10;A;0;65;0;;
53;2020-S10;B;0;193;0;;
53;2020-S10;C;2;109;0;;
53;2020-S10;D;0;48;0;;
53;2020-S10;E;0;102;0;;
53;2020-S11;0;0;463;0;;
53;2020-S11;A;0;46;0;;
53;2020-S11;B;0;190;0;;
53;2020-S11;C;0;95;0;;
53;2020-S11;D;0;50;0;;
53;2020-S11;E;0;82;0;;
53;2020-S12;0;8;272;2;;
53;2020-S12;A;0;20;0;;
53;2020-S12;B;4;99;1;;
53;2020-S12;C;1;69;0;;
53;2020-S12;D;3;30;1;;
53;2020-S12;E;0;54;0;;
53;2020-S13;0;92;324;32;;
53;2020-S13;A;0;20;0;;
53;2020-S13;B;33;112;5;;
53;2020-S13;C;27;69;6;;
53;2020-S13;D;9;36;4;;
53;2020-S13;E;23;87;17;;
53;2020-S14;0;84;384;29;;
53;2020-S14;A;0;29;0;;
53;2020-S14;B;41;154;6;;
53;2020-S14;C;17;83;3;;
53;2020-S14;D;7;35;4;;
53;2020-S14;E;19;83;16;;
54;2020-S10;0;3;2862;0;1;1148
54;2020-S10;A;3;680;0;0;336
54;2020-S10;B;0;981;0;1;455
54;2020-S10;C;0;511;0;0;156
54;2020-S10;D;0;238;0;0;69
54;2020-S10;E;0;452;0;0;132
54;2020-S11;0;16;2714;8;10;1248
54;2020-S11;A;12;606;4;2;371
54;2020-S11;B;0;949;0;5;472
54;2020-S11;C;0;455;0;3;171
54;2020-S11;D;1;250;1;0;74
54;2020-S11;E;3;454;3;0;156
54;2020-S12;0;147;1714;69;47;1028
54;2020-S12;A;14;325;7;4;232
54;2020-S12;B;45;571;6;27;413
54;2020-S12;C;43;342;21;9;185
54;2020-S12;D;23;179;14;5;71
54;2020-S12;E;22;297;21;2;127
54;2020-S13;0;302;1682;145;245;1039
54;2020-S13;A;3;226;3;12;121
54;2020-S13;B;72;504;16;136;467
54;2020-S13;C;103;409;38;66;223
54;2020-S13;D;54;214;33;16;80
54;2020-S13;E;70;329;55;15;148
54;2020-S14;0;253;1571;126;222;850
54;2020-S14;A;18;243;9;14;89
54;2020-S14;B;74;488;16;132;369
54;2020-S14;C;67;353;26;46;172
54;2020-S14;D;43;178;34;20;85
54;2020-S14;E;51;309;41;10;135
55;2020-S10;0;0;766;0;;
55;2020-S10;A;0;110;0;;
55;2020-S10;B;0;276;0;;
55;2020-S10;C;0;164;0;;
55;2020-S10;D;0;77;0;;
55;2020-S10;E;0;139;0;;
55;2020-S11;0;8;752;1;;
55;2020-S11;A;0;116;0;;
55;2020-S11;B;4;285;0;;
55;2020-S11;C;3;151;0;;
55;2020-S11;D;0;79;0;;
55;2020-S11;E;1;121;1;;
55;2020-S12;0;72;503;22;;
55;2020-S12;A;0;40;0;;
55;2020-S12;B;36;180;4;;
55;2020-S12;C;21;143;6;;
55;2020-S12;D;10;55;7;;
55;2020-S12;E;5;85;5;;
55;2020-S13;0;83;430;47;;
55;2020-S13;A;1;29;1;;
55;2020-S13;B;23;143;2;;
55;2020-S13;C;31;125;18;;
55;2020-S13;D;15;60;13;;
55;2020-S13;E;13;73;13;;
55;2020-S14;0;86;347;54;;
55;2020-S14;A;0;16;0;;
55;2020-S14;B;23;115;4;;
55;2020-S14;C;23;86;14;;
55;2020-S14;D;22;61;20;;
55;2020-S14;E;18;69;16;;
56;2020-S10;0;311;2654;1;2;676
56;2020-S10;A;48;554;0;0;179
56;2020-S10;B;146;877;0;1;270
56;2020-S10;C;84;512;1;1;107
56;2020-S10;D;25;259;0;0;31
56;2020-S10;E;8;452;0;0;89
56;2020-S11;0;352;3040;4;2;669
56;2020-S11;A;122;632;0;0;182
56;2020-S11;B;113;1000;1;2;283
56;2020-S11;C;78;624;0;0;111
56;2020-S11;D;24;259;2;0;24
56;2020-S11;E;15;525;1;0;69
56;2020-S12;0;320;2050;31;22;549
56;2020-S12;A;30;338;0;1;137
56;2020-S12;B;147;665;1;14;221
56;2020-S12;C;83;479;4;6;105
56;2020-S12;D;24;190;7;1;30
56;2020-S12;E;36;378;19;0;56
56;2020-S13;0;291;1778;43;34;428
56;2020-S13;A;14;201;0;5;68
56;2020-S13;B;114;600;6;17;192
56;2020-S13;C;82;448;8;7;82
56;2020-S13;D;36;204;11;1;26
56;2020-S13;E;45;325;18;4;60
56;2020-S14;0;225;1480;52;12;346
56;2020-S14;A;5;201;0;2;59
56;2020-S14;B;87;433;5;6;139
56;2020-S14;C;76;358;7;4;68
56;2020-S14;D;21;183;8;0;25
56;2020-S14;E;36;305;32;0;55
57;2020-S10;0;3;5186;2;;
57;2020-S10;A;0;1233;0;;
57;2020-S10;B;1;1873;0;;
57;2020-S10;C;1;940;1;;
57;2020-S10;D;1;413;1;;
57;2020-S10;E;0;727;0;;
57;2020-S11;0;90;4635;23;;
57;2020-S11;A;4;1029;0;;
57;2020-S11;B;39;1659;8;;
57;2020-S11;C;35;883;6;;
57;2020-S11;D;6;393;3;;
57;2020-S11;E;6;671;6;;
57;2020-S12;0;652;3515;203;;
57;2020-S12;A;4;488;0;;
57;2020-S12;B;293;1202;31;;
57;2020-S12;C;237;909;82;;
57;2020-S12;D;59;363;41;;
57;2020-S12;E;59;553;49;;
57;2020-S13;0;1056;3492;479;;
57;2020-S13;A;3;295;1;;
57;2020-S13;B;387;1177;48;;
57;2020-S13;C;332;957;139;;
57;2020-S13;D;156;428;130;;
57;2020-S13;E;178;635;161;;
57;2020-S14;0;734;2949;378;;
57;2020-S14;A;2;302;2;;
57;2020-S14;B;235;1009;39;;
57;2020-S14;C;229;724;109;;
57;2020-S14;D;107;376;89;;
57;2020-S14;E;161;538;139;;
58;2020-S10;0;13;1246;9;;
58;2020-S10;A;2;238;2;;
58;2020-S10;B;4;385;4;;
58;2020-S10;C;5;256;3;;
58;2020-S10;D;1;125;0;;
58;2020-S10;E;1;242;0;;
58;2020-S11;0;24;1175;23;;
58;2020-S11;A;1;253;0;;
58;2020-S11;B;11;376;11;;
58;2020-S11;C;6;224;6;;
58;2020-S11;D;1;114;1;;
58;2020-S11;E;5;208;5;;
58;2020-S12;0;63;825;25;;
58;2020-S12;A;2;133;1;;
58;2020-S12;B;25;215;5;;
58;2020-S12;C;20;184;5;;
58;2020-S12;D;4;102;3;;
58;2020-S12;E;12;191;11;;
58;2020-S13;0;137;792;58;;
58;2020-S13;A;3;101;0;;
58;2020-S13;B;65;281;22;;
58;2020-S13;C;47;166;18;;
58;2020-S13;D;7;88;5;;
58;2020-S13;E;15;156;13;;
58;2020-S14;0;138;794;63;;
58;2020-S14;A;1;97;0;;
58;2020-S14;B;59;241;16;;
58;2020-S14;C;41;196;17;;
58;2020-S14;D;11;95;7;;
58;2020-S14;E;26;165;23;;
59;2020-S10;0;82;13483;7;2;5211
59;2020-S10;A;2;3491;0;1;1878
59;2020-S10;B;51;5289;4;1;2594
59;2020-S10;C;16;2201;0;0;545
59;2020-S10;D;6;947;1;0;95
59;2020-S10;E;7;1553;2;0;86
59;2020-S11;0;206;12828;37;24;5503
59;2020-S11;A;21;3636;2;4;2040
59;2020-S11;B;101;4874;4;16;2690
59;2020-S11;C;36;2117;6;4;562
59;2020-S11;D;28;839;10;0;91
59;2020-S11;E;20;1359;15;0;110
59;2020-S12;0;442;6787;142;322;3250
59;2020-S12;A;54;1553;11;51;1007
59;2020-S12;B;168;2434;23;207;1645
59;2020-S12;C;108;1283;39;56;414
59;2020-S12;D;51;593;25;5;83
59;2020-S12;E;61;924;44;2;93
59;2020-S13;0;1072;7018;392;358;2142
59;2020-S13;A;65;1138;19;29;518
59;2020-S13;B;392;2630;56;239;1126
59;2020-S13;C;310;1523;116;80;348
59;2020-S13;D;135;691;73;6;72
59;2020-S13;E;170;1036;128;4;74
59;2020-S14;0;1105;7237;389;253;1708
59;2020-S14;A;43;1158;8;11;345
59;2020-S14;B;412;2662;56;162;884
59;2020-S14;C;310;1605;112;74;314
59;2020-S14;D;124;690;71;6;71
59;2020-S14;E;216;1122;142;0;84
60;2020-S10;0;0;1223;0;;
60;2020-S10;A;0;116;0;;
60;2020-S10;B;0;537;0;;
60;2020-S10;C;0;283;0;;
60;2020-S10;D;0;112;0;;
60;2020-S10;E;0;175;0;;
60;2020-S11;0;0;1103;0;;
60;2020-S11;A;0;62;0;;
60;2020-S11;B;0;507;0;;
60;2020-S11;C;0;257;0;;
60;2020-S11;D;0;98;0;;
60;2020-S11;E;0;179;0;;
60;2020-S12;0;5;899;1;;
60;2020-S12;A;0;52;0;;
60;2020-S12;B;2;361;1;;
60;2020-S12;C;3;239;0;;
60;2020-S12;D;0;98;0;;
60;2020-S12;E;0;149;0;;
60;2020-S13;0;103;893;40;;
60;2020-S13;A;0;40;0;;
60;2020-S13;B;44;378;13;;
60;2020-S13;C;39;250;13;;
60;2020-S13;D;10;99;7;;
60;2020-S13;E;10;126;7;;
60;2020-S14;0;117;786;45;;
60;2020-S14;A;0;51;0;;
60;2020-S14;B;46;323;5;;
60;2020-S14;C;43;218;20;;
60;2020-S14;D;10;74;6;;
60;2020-S14;E;18;120;14;;
61;2020-S10;0;0;1561;0;;
61;2020-S10;A;0;331;0;;
61;2020-S10;B;0;521;0;;
61;2020-S10;C;0;290;0;;
61;2020-S10;D;0;138;0;;
61;2020-S10;E;0;281;0;;
61;2020-S11;0;1;1496;0;;
61;2020-S11;A;0;340;0;;
61;2020-S11;B;0;489;0;;
61;2020-S11;C;1;280;0;;
61;2020-S11;D;0;138;0;;
61;2020-S11;E;0;249;0;;
61;2020-S12;0;37;920;2;;
61;2020-S12;A;19;139;0;;
61;2020-S12;B;8;308;0;;
61;2020-S12;C;7;189;0;;
61;2020-S12;D;1;88;0;;
61;2020-S12;E;2;196;2;;
61;2020-S13;0;60;942;12;;
61;2020-S13;A;27;121;0;;
61;2020-S13;B;9;310;2;;
61;2020-S13;C;11;213;2;;
61;2020-S13;D;5;96;2;;
61;2020-S13;E;8;202;6;;
61;2020-S14;0;48;797;3;;
61;2020-S14;A;13;94;0;;
61;2020-S14;B;20;263;1;;
61;2020-S14;C;11;203;1;;
61;2020-S14;D;2;82;0;;
61;2020-S14;E;2;155;1;;
62;2020-S10;0;1;3480;0;;
62;2020-S10;A;0;902;0;;
62;2020-S10;B;0;1256;0;;
62;2020-S10;C;1;623;0;;
62;2020-S10;D;0;262;0;;
62;2020-S10;E;0;437;0;;
62;2020-S11;0;11;2506;2;;
62;2020-S11;A;3;679;0;;
62;2020-S11;B;1;937;1;;
62;2020-S11;C;1;421;0;;
62;2020-S11;D;1;181;1;;
62;2020-S11;E;5;288;0;;
62;2020-S12;0;84;1351;23;;
62;2020-S12;A;9;257;0;;
62;2020-S12;B;27;460;4;;
62;2020-S12;C;27;298;9;;
62;2020-S12;D;13;129;5;;
62;2020-S12;E;8;207;5;;
62;2020-S13;0;168;1611;43;;
62;2020-S13;A;17;228;0;;
62;2020-S13;B;48;567;8;;
62;2020-S13;C;46;368;11;;
62;2020-S13;D;26;185;9;;
62;2020-S13;E;31;263;15;;
62;2020-S14;0;160;1413;36;;
62;2020-S14;A;13;154;0;;
62;2020-S14;B;41;502;2;;
62;2020-S14;C;45;371;12;;
62;2020-S14;D;20;150;7;;
62;2020-S14;E;41;236;15;;
63;2020-S10;0;0;1221;0;0;937
63;2020-S10;A;0;385;0;0;194
63;2020-S10;B;0;439;0;0;396
63;2020-S10;C;0;172;0;0;170
63;2020-S10;D;0;84;0;0;56
63;2020-S10;E;0;141;0;0;121
63;2020-S11;0;0;1099;0;0;887
63;2020-S11;A;0;384;0;0;176
63;2020-S11;B;0;395;0;0;445
63;2020-S11;C;0;138;0;0;110
63;2020-S11;D;0;74;0;0;53
63;2020-S11;E;0;108;0;0;103
63;2020-S12;0;13;566;5;36;515
63;2020-S12;A;0;188;0;1;119
63;2020-S12;B;6;170;1;23;195
63;2020-S12;C;2;93;0;7;89
63;2020-S12;D;2;48;1;1;37
63;2020-S12;E;3;67;3;4;74
63;2020-S13;0;108;690;47;45;513
63;2020-S13;A;0;172;0;5;77
63;2020-S13;B;49;218;7;28;228
63;2020-S13;C;26;126;12;11;101
63;2020-S13;D;16;64;13;1;44
63;2020-S13;E;17;110;15;0;63
63;2020-S14;0;46;309;25;56;524
63;2020-S14;A;0;157;0;6;64
63;2020-S14;B;14;52;1;28;220
63;2020-S14;C;13;41;9;14;110
63;2020-S14;D;11;33;9;3;48
63;2020-S14;E;8;26;6;5;81
64;2020-S10;0;44;3067;4;5;2420
64;2020-S10;A;6;589;0;1;597
64;2020-S10;B;18;1003;0;3;1030
64;2020-S10;C;15;577;2;0;403
64;2020-S10;D;3;289;0;0;130
64;2020-S10;E;2;609;2;1;258
64;2020-S11;0;92;2979;7;64;2594
64;2020-S11;A;21;678;0;16;722
64;2020-S11;B;39;1011;1;31;1106
64;2020-S11;C;25;549;1;10;419
64;2020-S11;D;2;253;0;4;115
64;2020-S11;E;5;488;5;3;232
64;2020-S12;0;100;1706;28;369;2058
64;2020-S12;A;2;314;1;76;488
64;2020-S12;B;42;494;4;194;875
64;2020-S12;C;34;355;10;59;372
64;2020-S12;D;9;174;3;16;114
64;2020-S12;E;13;369;10;24;209
64;2020-S13;0;124;1535;48;333;1678
64;2020-S13;A;0;239;0;31;260
64;2020-S13;B;45;456;2;184;758
64;2020-S13;C;33;330;9;85;366
64;2020-S13;D;13;172;9;15;105
64;2020-S13;E;33;338;28;18;187
64;2020-S14;0;108;1592;60;243;1473
64;2020-S14;A;3;257;2;31;195
64;2020-S14;B;31;436;8;124;670
64;2020-S14;C;34;347;15;50;314
64;2020-S14;D;12;181;11;12;91
64;2020-S14;E;28;371;24;26;203
65;2020-S10;0;0;850;0;;
65;2020-S10;A;0;121;0;;
65;2020-S10;B;0;297;0;;
65;2020-S10;C;0;206;0;;
65;2020-S10;D;0;98;0;;
65;2020-S10;E;0;128;0;;
65;2020-S11;0;0;779;0;;
65;2020-S11;A;0;112;0;;
65;2020-S11;B;0;257;0;;
65;2020-S11;C;0;201;0;;
65;2020-S11;D;0;77;0;;
65;2020-S11;E;0;132;0;;
65;2020-S12;0;3;404;2;;
65;2020-S12;A;0;39;0;;
65;2020-S12;B;1;112;0;;
65;2020-S12;C;1;122;1;;
65;2020-S12;D;0;51;0;;
65;2020-S12;E;1;80;1;;
65;2020-S13;0;0;363;0;;
65;2020-S13;A;0;28;0;;
65;2020-S13;B;0;114;0;;
65;2020-S13;C;0;92;0;;
65;2020-S13;D;0;45;0;;
65;2020-S13;E;0;84;0;;
65;2020-S14;0;1;233;0;;
65;2020-S14;A;0;18;0;;
65;2020-S14;B;0;62;0;;
65;2020-S14;C;0;67;0;;
65;2020-S14;D;1;27;0;;
65;2020-S14;E;0;59;0;;
66;2020-S10;0;9;2748;0;0;926
66;2020-S10;A;0;623;0;0;404
66;2020-S10;B;4;924;0;0;283
66;2020-S10;C;3;553;0;0;117
66;2020-S10;D;1;280;0;0;33
66;2020-S10;E;1;368;0;0;89
66;2020-S11;0;8;2486;4;2;1082
66;2020-S11;A;1;624;0;0;433
66;2020-S11;B;3;830;1;2;382
66;2020-S11;C;2;479;1;0;127
66;2020-S11;D;1;212;1;0;43
66;2020-S11;E;1;341;1;0;97
66;2020-S12;0;60;1292;20;72;862
66;2020-S12;A;3;238;1;14;289
66;2020-S12;B;20;391;3;36;326
66;2020-S12;C;21;285;8;16;139
66;2020-S12;D;6;150;4;4;37
66;2020-S12;E;10;228;4;2;71
66;2020-S13;0;82;1127;48;156;659
66;2020-S13;A;1;135;1;21;140
66;2020-S13;B;20;345;5;82;277
66;2020-S13;C;28;256;16;38;126
66;2020-S13;D;16;154;12;8;44
66;2020-S13;E;17;237;14;7;72
66;2020-S14;0;71;1163;36;90;498
66;2020-S14;A;1;135;0;11;96
66;2020-S14;B;29;372;6;48;183
66;2020-S14;C;25;278;18;21;102
66;2020-S14;D;4;141;2;3;37
66;2020-S14;E;12;237;10;7;80
67;2020-S10;0;23;3624;5;20;2407
67;2020-S10;A;5;797;1;6;745
67;2020-S10;B;10;1321;0;8;1027
67;2020-S10;C;6;653;3;4;322
67;2020-S10;D;0;301;0;0;105
67;2020-S10;E;2;552;1;2;189
67;2020-S11;0;120;3257;50;95;2729
67;2020-S11;A;27;763;1;7;788
67;2020-S11;B;38;1106;9;55;1191
67;2020-S11;C;26;631;15;24;416
67;2020-S11;D;11;270;9;6;116
67;2020-S11;E;18;487;16;3;201
67;2020-S12;0;419;2157;289;319;2704
67;2020-S12;A;12;333;2;12;522
67;2020-S12;B;109;612;41;173;1307
67;2020-S12;C;130;508;91;83;489
67;2020-S12;D;65;274;56;30;171
67;2020-S12;E;103;430;99;21;211
67;2020-S13;0;607;1978;399;711;2343
67;2020-S13;A;6;278;2;15;295
67;2020-S13;B;111;495;33;349;1064
67;2020-S13;C;206;533;136;206;516
67;2020-S13;D;124;259;99;85;225
67;2020-S13;E;160;413;129;56;238
67;2020-S14;0;439;1850;281;495;1868
67;2020-S14;A;4;294;1;22;266
67;2020-S14;B;78;455;23;247;802
67;2020-S14;C;149;466;92;132;416
67;2020-S14;D;73;228;51;51;168
67;2020-S14;E;135;407;114;41;201
68;2020-S10;0;57;3073;44;68;944
68;2020-S10;A;0;750;0;18;294
68;2020-S10;B;13;979;4;28;447
68;2020-S10;C;17;598;16;15;125
68;2020-S10;D;11;307;9;4;32
68;2020-S10;E;16;439;15;3;44
68;2020-S11;0;259;2624;178;144;924
68;2020-S11;A;2;507;2;20;197
68;2020-S11;B;38;713;10;66;424
68;2020-S11;C;82;570;50;36;170
68;2020-S11;D;60;320;51;8;59
68;2020-S11;E;77;514;65;14;73
68;2020-S12;0;569;2067;363;282;853
68;2020-S12;A;0;284;0;13;130
68;2020-S12;B;96;523;18;153;392
68;2020-S12;C;160;485;90;72;157
68;2020-S12;D;134;319;97;21;77
68;2020-S12;E;179;456;158;22;94
68;2020-S13;0;855;2085;530;395;894
68;2020-S13;A;0;202;0;14;85
68;2020-S13;B;143;518;33;182;393
68;2020-S13;C;294;580;162;108;199
68;2020-S13;D;185;331;137;41;76
68;2020-S13;E;233;454;198;49;140
68;2020-S14;0;514;1800;334;274;837
68;2020-S14;A;0;220;0;7;98
68;2020-S14;B;79;460;21;137;340
68;2020-S14;C;194;511;106;72;188
68;2020-S14;D;101;219;86;23;84
68;2020-S14;E;140;390;121;35;127
69;2020-S10;0;31;8409;24;3;2394
69;2020-S10;A;0;1807;0;0;560
69;2020-S10;B;7;3429;3;0;1080
69;2020-S10;C;2;1459;2;2;288
69;2020-S10;D;9;603;7;0;107
69;2020-S10;E;13;1111;12;1;339
69;2020-S11;0;243;8306;109;158;2463
69;2020-S11;A;4;1946;2;27;553
69;2020-S11;B;112;3486;20;83;1242
69;2020-S11;C;55;1441;24;28;317
69;2020-S11;D;27;519;21;11;88
69;2020-S11;E;45;914;42;8;240
69;2020-S12;0;618;4914;278;496;2608
69;2020-S12;A;1;1013;1;45;560
69;2020-S12;B;249;1750;44;253;1090
69;2020-S12;C;168;1019;70;109;437
69;2020-S12;D;73;411;49;51;199
69;2020-S12;E;127;721;114;38;320
69;2020-S13;0;1193;4597;594;608;2347
69;2020-S13;A;5;713;2;39;351
69;2020-S13;B;412;1689;81;270;950
69;2020-S13;C;343;1031;158;150;478
69;2020-S13;D;175;434;122;64;193
69;2020-S13;E;258;730;231;83;372
69;2020-S14;0;962;4363;422;476;2177
69;2020-S14;A;6;667;0;40;261
69;2020-S14;B;375;1638;57;212;854
69;2020-S14;C;264;970;100;108;430
69;2020-S14;D;110;361;86;41;188
69;2020-S14;E;207;727;179;75;443
70;2020-S10;0;0;1008;0;;
70;2020-S10;A;0;143;0;;
70;2020-S10;B;0;349;0;;
70;2020-S10;C;0;234;0;;
70;2020-S10;D;0;104;0;;
70;2020-S10;E;0;178;0;;
70;2020-S11;0;43;919;9;;
70;2020-S11;A;1;119;0;;
70;2020-S11;B;19;331;1;;
70;2020-S11;C;13;220;0;;
70;2020-S11;D;1;84;0;;
70;2020-S11;E;9;165;8;;
70;2020-S12;0;126;578;73;;
70;2020-S12;A;5;58;2;;
70;2020-S12;B;33;182;6;;
70;2020-S12;C;31;129;18;;
70;2020-S12;D;20;85;15;;
70;2020-S12;E;37;124;32;;
70;2020-S13;0;204;568;115;;
70;2020-S13;A;3;42;1;;
70;2020-S13;B;51;170;8;;
70;2020-S13;C;63;164;33;;
70;2020-S13;D;29;64;22;;
70;2020-S13;E;58;128;51;;
70;2020-S14;0;159;508;102;;
70;2020-S14;A;3;42;3;;
70;2020-S14;B;35;155;11;;
70;2020-S14;C;44;131;22;;
70;2020-S14;D;28;66;22;;
70;2020-S14;E;49;114;44;;
71;2020-S10;0;96;2917;50;;
71;2020-S10;A;2;554;0;;
71;2020-S10;B;32;1026;8;;
71;2020-S10;C;31;581;12;;
71;2020-S10;D;7;233;6;;
71;2020-S10;E;24;523;24;;
71;2020-S11;0;182;2562;67;;
71;2020-S11;A;9;454;1;;
71;2020-S11;B;61;929;5;;
71;2020-S11;C;48;495;14;;
71;2020-S11;D;23;247;13;;
71;2020-S11;E;41;437;34;;
71;2020-S12;0;349;1724;114;;
71;2020-S12;A;1;217;0;;
71;2020-S12;B;139;566;19;;
71;2020-S12;C;111;423;33;;
71;2020-S12;D;35;183;18;;
71;2020-S12;E;63;335;44;;
71;2020-S13;0;491;1678;215;;
71;2020-S13;A;10;140;3;;
71;2020-S13;B;142;498;27;;
71;2020-S13;C;157;439;51;;
71;2020-S13;D;63;205;46;;
71;2020-S13;E;119;396;88;;
71;2020-S14;0;453;1702;180;;
71;2020-S14;A;7;140;3;;
71;2020-S14;B;168;549;34;;
71;2020-S14;C;138;462;44;;
71;2020-S14;D;61;202;40;;
71;2020-S14;E;79;349;59;;
72;2020-S10;0;55;2467;53;;
72;2020-S10;A;6;547;6;;
72;2020-S10;B;18;831;17;;
72;2020-S10;C;19;452;18;;
72;2020-S10;D;3;226;3;;
72;2020-S10;E;9;411;9;;
72;2020-S11;0;98;2343;36;;
72;2020-S11;A;9;597;0;;
72;2020-S11;B;39;793;7;;
72;2020-S11;C;20;402;3;;
72;2020-S11;D;10;173;9;;
72;2020-S11;E;19;377;17;;
72;2020-S12;0;223;1633;60;;
72;2020-S12;A;2;263;1;;
72;2020-S12;B;107;547;16;;
72;2020-S12;C;74;397;20;;
72;2020-S12;D;18;155;4;;
72;2020-S12;E;22;271;19;;
72;2020-S13;0;275;1553;148;;
72;2020-S13;A;11;233;2;;
72;2020-S13;B;91;466;29;;
72;2020-S13;C;88;393;46;;
72;2020-S13;D;28;152;22;;
72;2020-S13;E;57;309;49;;
72;2020-S14;0;218;1487;139;;
72;2020-S14;A;2;243;0;;
72;2020-S14;B;71;453;29;;
72;2020-S14;C;58;340;31;;
72;2020-S14;D;30;154;26;;
72;2020-S14;E;56;296;53;;
73;2020-S10;0;0;1719;0;3;1046
73;2020-S10;A;0;269;0;0;273
73;2020-S10;B;0;711;0;1;505
73;2020-S10;C;0;418;0;1;163
73;2020-S10;D;0;149;0;0;43
73;2020-S10;E;0;172;0;1;62
73;2020-S11;0;0;1705;0;20;984
73;2020-S11;A;0;224;0;2;277
73;2020-S11;B;0;732;0;9;456
73;2020-S11;C;0;418;0;6;146
73;2020-S11;D;0;171;0;0;34
73;2020-S11;E;0;160;0;3;71
73;2020-S12;0;16;752;6;97;539
73;2020-S12;A;0;95;0;10;129
73;2020-S12;B;10;277;1;54;234
73;2020-S12;C;3;197;2;20;102
73;2020-S12;D;2;76;2;3;26
73;2020-S12;E;1;107;1;10;48
73;2020-S13;0;113;718;59;141;462
73;2020-S13;A;1;69;0;7;45
73;2020-S13;B;36;234;5;87;238
73;2020-S13;C;42;221;23;31;103
73;2020-S13;D;9;70;8;8;31
73;2020-S13;E;25;124;23;8;45
73;2020-S14;0;114;695;58;88;390
73;2020-S14;A;2;70;0;5;32
73;2020-S14;B;43;266;7;48;185
73;2020-S14;C;35;174;19;22;93
73;2020-S14;D;13;74;11;4;28
73;2020-S14;E;21;111;21;9;52
74;2020-S10;0;1;5067;0;4;1173
74;2020-S10;A;0;928;0;0;347
74;2020-S10;B;1;2161;0;3;517
74;2020-S10;C;0;991;0;1;162
74;2020-S10;D;0;409;0;0;52
74;2020-S10;E;0;578;0;0;95
74;2020-S11;0;24;4726;2;37;1163
74;2020-S11;A;1;898;0;3;301
74;2020-S11;B;14;2034;0;26;560
74;2020-S11;C;4;948;1;6;184
74;2020-S11;D;1;370;0;2;62
74;2020-S11;E;4;476;1;0;56
74;2020-S12;0;188;3031;62;145;854
74;2020-S12;A;1;504;1;12;218
74;2020-S12;B;86;1207;10;74;370
74;2020-S12;C;57;660;24;37;135
74;2020-S12;D;17;255;8;13;51
74;2020-S12;E;27;404;19;9;80
74;2020-S13;0;543;2669;200;183;819
74;2020-S13;A;4;320;1;6;139
74;2020-S13;B;206;986;21;106;375
74;2020-S13;C;195;674;79;52;160
74;2020-S13;D;60;275;42;8;59
74;2020-S13;E;78;414;57;11;86
74;2020-S14;0;396;2537;149;119;608
74;2020-S14;A;10;327;2;7;104
74;2020-S14;B;141;940;22;71;251
74;2020-S14;C;135;596;46;23;129
74;2020-S14;D;41;233;25;3;39
74;2020-S14;E;69;440;54;15;85
75;2020-S10;0;58;9662;34;43;8074
75;2020-S10;A;0;1982;0;11;2190
75;2020-S10;B;20;4134;2;22;3479
75;2020-S10;C;13;1906;8;7;1304
75;2020-S10;D;10;651;10;2;353
75;2020-S10;E;14;988;13;1;608
75;2020-S11;0;602;9915;121;320;8073
75;2020-S11;A;3;1803;2;37;1998
75;2020-S11;B;338;4570;17;179;3566
75;2020-S11;C;162;1985;38;70;1466
75;2020-S11;D;56;664;30;16;349
75;2020-S11;E;43;893;34;11;522
75;2020-S12;0;2138;7472;487;1050;5483
75;2020-S12;A;9;1005;1;66;914
75;2020-S12;B;1003;3033;53;534;2179
75;2020-S12;C;707;1942;177;308;1331
75;2020-S12;D;208;659;97;83;435
75;2020-S12;E;211;833;159;55;609
75;2020-S13;0;3598;7644;1073;1563;4627
75;2020-S13;A;16;756;7;47;444
75;2020-S13;B;1515;2956;114;642;1675
75;2020-S13;C;1315;2311;399;536;1300
75;2020-S13;D;368;743;227;183;510
75;2020-S13;E;384;878;326;143;658
75;2020-S14;0;2678;6460;894;1217;4460
75;2020-S14;A;17;704;3;42;413
75;2020-S14;B;1090;2494;98;469;1572
75;2020-S14;C;917;1781;289;425;1158
75;2020-S14;D;284;598;193;133;492
75;2020-S14;E;370;883;311;136;765
76;2020-S10;0;1;6957;1;0;841
76;2020-S10;A;0;1872;0;0;273
76;2020-S10;B;1;2596;1;0;436
76;2020-S10;C;0;1171;0;0;96
76;2020-S10;D;0;498;0;0;4
76;2020-S10;E;0;820;0;0;32
76;2020-S11;0;21;6600;5;5;841
76;2020-S11;A;0;1908;0;0;277
76;2020-S11;B;16;2385;1;5;407
76;2020-S11;C;2;1122;2;0;104
76;2020-S11;D;1;460;1;0;16
76;2020-S11;E;2;725;1;0;37
76;2020-S12;0;100;3653;28;61;632
76;2020-S12;A;0;847;0;7;202
76;2020-S12;B;39;1316;5;41;302
76;2020-S12;C;28;697;5;12;84
76;2020-S12;D;13;312;6;1;14
76;2020-S12;E;20;481;12;0;30
76;2020-S13;0;372;3453;107;95;423
76;2020-S13;A;5;735;0;6;89
76;2020-S13;B;159;1225;26;74;230
76;2020-S13;C;110;704;32;11;59
76;2020-S13;D;43;295;22;2;15
76;2020-S13;E;55;493;27;2;30
76;2020-S14;0;281;3470;99;82;398
76;2020-S14;A;0;597;0;12;79
76;2020-S14;B;118;1241;21;54;201
76;2020-S14;C;71;764;29;11;65
76;2020-S14;D;41;346;23;1;19
76;2020-S14;E;50;521;26;4;34
77;2020-S10;0;82;4154;6;2;2154
77;2020-S10;A;6;948;0;1;913
77;2020-S10;B;46;1783;4;0;895
77;2020-S10;C;26;767;0;1;243
77;2020-S10;D;3;273;1;0;45
77;2020-S10;E;1;383;1;0;57
77;2020-S11;0;219;4149;34;57;2296
77;2020-S11;A;3;868;1;3;917
77;2020-S11;B;133;1893;14;39;929
77;2020-S11;C;72;805;13;13;339
77;2020-S11;D;7;251;3;2;62
77;2020-S11;E;4;332;3;0;49
77;2020-S12;0;335;2689;135;236;1710
77;2020-S12;A;1;397;1;21;518
77;2020-S12;B;157;1126;32;148;731
77;2020-S12;C;124;707;55;58;327
77;2020-S12;D;22;182;21;9;69
77;2020-S12;E;31;277;26;0;65
77;2020-S13;0;743;2806;332;362;1450
77;2020-S13;A;9;304;1;28;296
77;2020-S13;B;301;1160;81;203;624
77;2020-S13;C;307;817;150;100;357
77;2020-S13;D;64;224;47;18;81
77;2020-S13;E;62;301;53;11;89
77;2020-S14;0;499;2352;292;278;1168
77;2020-S14;A;4;266;2;18;209
77;2020-S14;B;149;928;58;138;500
77;2020-S14;C;202;668;117;86;267
77;2020-S14;D;67;203;52;18;85
77;2020-S14;E;77;287;63;18;107
78;2020-S10;0;18;6001;9;3;1412
78;2020-S10;A;0;1417;0;0;581
78;2020-S10;B;7;2414;0;2;522
78;2020-S10;C;3;1132;1;1;180
78;2020-S10;D;3;347;3;0;50
78;2020-S10;E;5;691;5;0;79
78;2020-S11;0;129;5909;22;77;1449
78;2020-S11;A;1;1444;0;23;561
78;2020-S11;B;73;2411;4;30;568
78;2020-S11;C;31;1087;4;15;193
78;2020-S11;D;12;358;5;6;60
78;2020-S11;E;12;608;9;3;67
78;2020-S12;0;167;3520;64;229;1219
78;2020-S12;A;3;546;1;27;347
78;2020-S12;B;58;1442;12;112;475
78;2020-S12;C;54;839;21;61;254
78;2020-S12;D;16;244;8;10;45
78;2020-S12;E;36;449;22;19;98
78;2020-S13;0;664;3591;253;354;1116
78;2020-S13;A;10;460;5;35;207
78;2020-S13;B;250;1425;35;164;438
78;2020-S13;C;222;950;80;106;275
78;2020-S13;D;80;293;51;25;86
78;2020-S13;E;102;462;82;24;110
78;2020-S14;0;568;3121;239;194;855
78;2020-S14;A;9;473;3;14;139
78;2020-S14;B;201;1183;26;101;338
78;2020-S14;C;180;762;81;52;194
78;2020-S14;D;66;277;46;13;53
78;2020-S14;E;112;426;83;14;131
79;2020-S10;0;1;1580;0;;
79;2020-S10;A;1;233;0;;
79;2020-S10;B;0;588;0;;
79;2020-S10;C;0;369;0;;
79;2020-S10;D;0;146;0;;
79;2020-S10;E;0;244;0;;
79;2020-S11;0;15;1657;0;;
79;2020-S11;A;0;333;0;;
79;2020-S11;B;10;612;0;;
79;2020-S11;C;4;334;0;;
79;2020-S11;D;1;123;0;;
79;2020-S11;E;0;255;0;;
79;2020-S12;0;36;873;7;;
79;2020-S12;A;0;134;0;;
79;2020-S12;B;18;295;1;;
79;2020-S12;C;10;182;1;;
79;2020-S12;D;5;94;2;;
79;2020-S12;E;3;168;3;;
79;2020-S13;0;71;895;23;;
79;2020-S13;A;0;107;0;;
79;2020-S13;B;33;306;4;;
79;2020-S13;C;23;231;5;;
79;2020-S13;D;5;73;4;;
79;2020-S13;E;10;178;10;;
79;2020-S14;0;68;901;26;;
79;2020-S14;A;1;90;0;;
79;2020-S14;B;33;334;4;;
79;2020-S14;C;19;201;11;;
79;2020-S14;D;6;84;4;;
79;2020-S14;E;9;192;7;;
80;2020-S10;0;4;2836;0;0;2128
80;2020-S10;A;0;710;0;0;616
80;2020-S10;B;3;973;0;0;1053
80;2020-S10;C;1;491;0;0;279
80;2020-S10;D;0;248;0;0;74
80;2020-S10;E;0;414;0;0;105
80;2020-S11;0;61;2618;27;34;2207
80;2020-S11;A;3;671;1;4;660
80;2020-S11;B;30;904;8;18;1106
80;2020-S11;C;18;464;9;9;295
80;2020-S11;D;4;195;3;2;61
80;2020-S11;E;6;384;6;1;84
80;2020-S12;0;234;1757;92;278;1656
80;2020-S12;A;9;314;3;33;381
80;2020-S12;B;78;560;4;159;823
80;2020-S12;C;62;375;22;63;314
80;2020-S12;D;22;178;15;8;48
80;2020-S12;E;63;330;48;15;89
80;2020-S13;0;364;1603;164;395;1211
80;2020-S13;A;5;204;2;58;241
80;2020-S13;B;109;516;12;195;587
80;2020-S13;C;95;357;29;83;233
80;2020-S13;D;64;219;49;21;61
80;2020-S13;E;91;307;72;38;89
80;2020-S14;0;226;1528;111;279;1024
80;2020-S14;A;4;228;1;35;159
80;2020-S14;B;70;483;5;151;505
80;2020-S14;C;63;351;31;68;234
80;2020-S14;D;44;181;36;8;49
80;2020-S14;E;45;285;38;17;77
81;2020-S10;0;2;2114;0;;
81;2020-S10;A;0;443;0;;
81;2020-S10;B;0;794;0;;
81;2020-S10;C;0;387;0;;
81;2020-S10;D;2;194;0;;
81;2020-S10;E;0;296;0;;
81;2020-S11;0;55;1899;9;;
81;2020-S11;A;6;393;1;;
81;2020-S11;B;30;710;2;;
81;2020-S11;C;12;344;1;;
81;2020-S11;D;1;163;0;;
81;2020-S11;E;6;289;5;;
81;2020-S12;0;40;985;10;;
81;2020-S12;A;2;141;1;;
81;2020-S12;B;20;323;3;;
81;2020-S12;C;14;211;2;;
81;2020-S12;D;0;104;0;;
81;2020-S12;E;4;206;4;;
81;2020-S13;0;35;940;8;;
81;2020-S13;A;0;105;0;;
81;2020-S13;B;19;318;1;;
81;2020-S13;C;8;221;2;;
81;2020-S13;D;3;105;1;;
81;2020-S13;E;5;191;4;;
81;2020-S14;0;134;966;48;;
81;2020-S14;A;3;87;1;;
81;2020-S14;B;44;299;9;;
81;2020-S14;C;51;257;10;;
81;2020-S14;D;15;101;10;;
81;2020-S14;E;21;222;18;;
82;2020-S10;0;6;1061;0;;
82;2020-S10;A;2;220;0;;
82;2020-S10;B;0;394;0;;
82;2020-S10;C;2;219;0;;
82;2020-S10;D;0;63;0;;
82;2020-S10;E;2;165;0;;
82;2020-S11;0;49;1008;14;;
82;2020-S11;A;5;232;2;;
82;2020-S11;B;23;364;2;;
82;2020-S11;C;13;180;3;;
82;2020-S11;D;4;92;3;;
82;2020-S11;E;4;140;4;;
82;2020-S12;0;140;689;34;;
82;2020-S12;A;16;118;9;;
82;2020-S12;B;55;249;4;;
82;2020-S12;C;45;157;6;;
82;2020-S12;D;8;55;3;;
82;2020-S12;E;16;110;12;;
82;2020-S13;0;178;613;58;;
82;2020-S13;A;18;84;5;;
82;2020-S13;B;55;186;9;;
82;2020-S13;C;54;160;13;;
82;2020-S13;D;20;64;12;;
82;2020-S13;E;31;119;19;;
82;2020-S14;0;149;636;65;;
82;2020-S14;A;8;79;2;;
82;2020-S14;B;49;246;8;;
82;2020-S14;C;49;156;17;;
82;2020-S14;D;7;54;6;;
82;2020-S14;E;36;101;32;;
83;2020-S10;0;4;4731;4;2;4016
83;2020-S10;A;0;986;0;1;1314
83;2020-S10;B;0;1494;0;1;1399
83;2020-S10;C;0;880;0;0;594
83;2020-S10;D;2;447;2;0;250
83;2020-S10;E;2;924;2;0;436
83;2020-S11;0;40;4506;19;126;3935
83;2020-S11;A;6;1005;1;24;1354
83;2020-S11;B;11;1474;5;72;1419
83;2020-S11;C;11;854;4;25;584
83;2020-S11;D;5;411;2;3;195
83;2020-S11;E;7;762;7;0;350
83;2020-S12;0;147;2825;73;709;3133
83;2020-S12;A;7;424;2;158;880
83;2020-S12;B;53;889;13;338;1138
83;2020-S12;C;45;642;21;131;529
83;2020-S12;D;16;314;12;42;213
83;2020-S12;E;26;556;25;39;366
83;2020-S13;0;401;2619;225;675;2493
83;2020-S13;A;3;276;1;60;388
83;2020-S13;B;136;903;46;352;1007
83;2020-S13;C;137;659;65;173;527
83;2020-S13;D;52;288;44;40;218
83;2020-S13;E;73;493;69;49;347
83;2020-S14;0;365;2639;205;467;2268
83;2020-S14;A;4;282;1;50;331
83;2020-S14;B;127;903;40;262;824
83;2020-S14;C;125;631;70;95;446
83;2020-S14;D;32;300;24;26;240
83;2020-S14;E;77;523;70;33;422
84;2020-S10;0;2;3579;2;0;364
84;2020-S10;A;0;816;0;0;108
84;2020-S10;B;1;1231;1;0;145
84;2020-S10;C;1;648;1;0;62
84;2020-S10;D;0;348;0;0;18
84;2020-S10;E;0;536;0;0;31
84;2020-S11;0;26;3274;17;5;170
84;2020-S11;A;2;771;2;2;38
84;2020-S11;B;9;1085;4;2;73
84;2020-S11;C;4;611;1;1;27
84;2020-S11;D;4;312;3;0;6
84;2020-S11;E;7;495;7;0;26
84;2020-S12;0;95;2078;39;2;165
84;2020-S12;A;4;381;1;1;36
84;2020-S12;B;36;699;6;1;75
84;2020-S12;C;28;442;11;0;34
84;2020-S12;D;9;205;7;0;6
84;2020-S12;E;18;351;14;0;14
84;2020-S13;0;167;1824;96;28;227
84;2020-S13;A;1;250;0;1;29
84;2020-S13;B;50;599;19;19;105
84;2020-S13;C;60;475;26;5;58
84;2020-S13;D;22;198;17;1;13
84;2020-S13;E;34;302;34;2;22
84;2020-S14;0;113;1667;80;5;130
84;2020-S14;A;0;228;0;2;15
84;2020-S14;B;17;529;6;3;53
84;2020-S14;C;33;373;19;0;31
84;2020-S14;D;21;197;17;0;8
84;2020-S14;E;42;340;38;0;23
85;2020-S10;0;27;2575;1;;
85;2020-S10;A;4;481;0;;
85;2020-S10;B;17;900;1;;
85;2020-S10;C;5;510;0;;
85;2020-S10;D;1;274;0;;
85;2020-S10;E;0;410;0;;
85;2020-S11;0;53;2432;5;;
85;2020-S11;A;7;504;0;;
85;2020-S11;B;36;833;2;;
85;2020-S11;C;5;449;0;;
85;2020-S11;D;4;235;3;;
85;2020-S11;E;1;411;0;;
85;2020-S12;0;89;1514;34;;
85;2020-S12;A;0;232;0;;
85;2020-S12;B;41;473;9;;
85;2020-S12;C;27;378;6;;
85;2020-S12;D;8;171;7;;
85;2020-S12;E;13;260;12;;
85;2020-S13;0;185;1439;94;;
85;2020-S13;A;17;188;4;;
85;2020-S13;B;49;427;12;;
85;2020-S13;C;57;392;27;;
85;2020-S13;D;20;151;13;;
85;2020-S13;E;42;281;38;;
85;2020-S14;0;158;1482;74;;
85;2020-S14;A;5;152;2;;
85;2020-S14;B;55;442;15;;
85;2020-S14;C;42;353;16;;
85;2020-S14;D;25;202;14;;
85;2020-S14;E;31;333;27;;
86;2020-S10;0;1;1612;1;;
86;2020-S10;A;0;320;0;;
86;2020-S10;B;1;603;1;;
86;2020-S10;C;0;276;0;;
86;2020-S10;D;0;151;0;;
86;2020-S10;E;0;262;0;;
86;2020-S11;0;1;1605;0;;
86;2020-S11;A;0;367;0;;
86;2020-S11;B;0;601;0;;
86;2020-S11;C;0;283;0;;
86;2020-S11;D;0;129;0;;
86;2020-S11;E;1;225;0;;
86;2020-S12;0;3;913;1;;
86;2020-S12;A;0;172;0;;
86;2020-S12;B;2;294;0;;
86;2020-S12;C;0;193;0;;
86;2020-S12;D;1;89;1;;
86;2020-S12;E;0;165;0;;
86;2020-S13;0;75;937;41;;
86;2020-S13;A;0;165;0;;
86;2020-S13;B;26;307;5;;
86;2020-S13;C;16;186;7;;
86;2020-S13;D;15;93;12;;
86;2020-S13;E;18;186;17;;
86;2020-S14;0;108;918;53;;
86;2020-S14;A;2;164;0;;
86;2020-S14;B;35;281;8;;
86;2020-S14;C;33;192;14;;
86;2020-S14;D;11;99;7;;
86;2020-S14;E;27;182;24;;
87;2020-S10;0;2;2036;1;0;1490
87;2020-S10;A;0;410;0;0;351
87;2020-S10;B;0;627;0;0;694
87;2020-S10;C;1;422;0;0;216
87;2020-S10;D;1;214;1;0;70
87;2020-S10;E;0;363;0;0;159
87;2020-S11;0;1;1938;0;3;1476
87;2020-S11;A;0;432;0;0;326
87;2020-S11;B;0;598;0;1;771
87;2020-S11;C;1;423;0;2;221
87;2020-S11;D;0;188;0;0;54
87;2020-S11;E;0;297;0;0;103
87;2020-S12;0;26;1154;19;66;839
87;2020-S12;A;0;233;0;5;177
87;2020-S12;B;4;308;1;47;394
87;2020-S12;C;8;251;4;10;140
87;2020-S12;D;7;128;7;2;52
87;2020-S12;E;7;234;7;2;75
87;2020-S13;0;58;1083;42;152;779
87;2020-S13;A;0;165;0;7;120
87;2020-S13;B;14;320;5;94;388
87;2020-S13;C;20;223;16;35;122
87;2020-S13;D;12;147;10;6;55
87;2020-S13;E;12;228;11;10;94
87;2020-S14;0;72;1027;51;108;715
87;2020-S14;A;0;146;0;4;95
87;2020-S14;B;19;286;9;77;360
87;2020-S14;C;19;227;10;14;126
87;2020-S14;D;10;129;10;4;57
87;2020-S14;E;24;239;22;9;77
88;2020-S10;0;46;2037;10;;
88;2020-S10;A;0;465;0;;
88;2020-S10;B;14;620;0;;
88;2020-S10;C;23;414;5;;
88;2020-S10;D;3;172;1;;
88;2020-S10;E;6;366;4;;
88;2020-S11;0;159;2012;44;;
88;2020-S11;A;3;401;0;;
88;2020-S11;B;65;649;1;;
88;2020-S11;C;39;411;7;;
88;2020-S11;D;20;203;12;;
88;2020-S11;E;32;348;24;;
88;2020-S12;0;340;1379;119;;
88;2020-S12;A;2;175;0;;
88;2020-S12;B;111;389;3;;
88;2020-S12;C;98;327;20;;
88;2020-S12;D;40;160;22;;
88;2020-S12;E;89;328;74;;
88;2020-S13;0;687;1465;262;;
88;2020-S13;A;5;120;0;;
88;2020-S13;B;223;461;9;;
88;2020-S13;C;217;400;70;;
88;2020-S13;D;97;180;67;;
88;2020-S13;E;145;304;116;;
88;2020-S14;0;430;1267;162;;
88;2020-S14;A;4;111;2;;
88;2020-S14;B;137;392;6;;
88;2020-S14;C;138;336;36;;
88;2020-S14;D;61;163;46;;
88;2020-S14;E;90;265;72;;
89;2020-S10;0;18;2469;4;2;671
89;2020-S10;A;0;556;0;0;179
89;2020-S10;B;12;827;3;0;259
89;2020-S10;C;2;507;0;2;133
89;2020-S10;D;2;192;1;0;52
89;2020-S10;E;2;386;0;0;47
89;2020-S11;0;75;2218;5;15;597
89;2020-S11;A;6;515;0;3;173
89;2020-S11;B;44;806;0;7;269
89;2020-S11;C;16;402;1;4;99
89;2020-S11;D;5;178;1;1;28
89;2020-S11;E;4;317;3;0;28
89;2020-S12;0;148;1490;25;81;528
89;2020-S12;A;4;251;0;4;99
89;2020-S12;B;75;541;8;63;265
89;2020-S12;C;37;339;7;11;113
89;2020-S12;D;8;122;2;2;38
89;2020-S12;E;24;237;8;1;13
89;2020-S13;0;260;1351;59;95;364
89;2020-S13;A;2;182;0;8;57
89;2020-S13;B;110;473;3;56;173
89;2020-S13;C;73;325;17;27;87
89;2020-S13;D;24;130;11;3;29
89;2020-S13;E;51;241;28;1;18
89;2020-S14;0;237;1234;64;77;318
89;2020-S14;A;3;157;0;6;47
89;2020-S14;B;91;428;7;42;160
89;2020-S14;C;78;302;13;27;82
89;2020-S14;D;22;125;13;2;13
89;2020-S14;E;43;222;31;0;16
90;2020-S10;0;10;1015;2;;
90;2020-S10;A;3;41;0;;
90;2020-S10;B;5;354;1;;
90;2020-S10;C;2;248;1;;
90;2020-S10;D;0;133;0;;
90;2020-S10;E;0;239;0;;
90;2020-S11;0;11;972;7;;
90;2020-S11;A;0;69;0;;
90;2020-S11;B;2;347;1;;
90;2020-S11;C;4;244;1;;
90;2020-S11;D;1;108;1;;
90;2020-S11;E;4;204;4;;
90;2020-S12;0;134;669;87;;
90;2020-S12;A;0;26;0;;
90;2020-S12;B;26;219;5;;
90;2020-S12;C;35;173;20;;
90;2020-S12;D;30;90;27;;
90;2020-S12;E;43;161;35;;
90;2020-S13;0;259;729;149;;
90;2020-S13;A;0;26;0;;
90;2020-S13;B;54;207;9;;
90;2020-S13;C;74;206;43;;
90;2020-S13;D;56;106;40;;
90;2020-S13;E;75;184;57;;
90;2020-S14;0;173;634;110;;
90;2020-S14;A;0;29;0;;
90;2020-S14;B;41;188;9;;
90;2020-S14;C;44;161;24;;
90;2020-S14;D;34;105;26;;
90;2020-S14;E;54;151;51;;
91;2020-S10;0;22;4365;4;1;1175
91;2020-S10;A;0;768;0;0;526
91;2020-S10;B;12;2001;1;1;370
91;2020-S10;C;5;867;0;0;157
91;2020-S10;D;2;302;1;0;45
91;2020-S10;E;3;427;2;0;77
91;2020-S11;0;147;4128;38;6;1079
91;2020-S11;A;1;692;0;0;443
91;2020-S11;B;68;1925;8;3;358
91;2020-S11;C;41;863;14;2;171
91;2020-S11;D;4;248;1;0;35
91;2020-S11;E;33;399;15;1;72
91;2020-S12;0;537;3015;131;149;1017
91;2020-S12;A;2;290;0;24;297
91;2020-S12;B;266;1388;41;79;390
91;2020-S12;C;186;789;53;36;207
91;2020-S12;D;36;209;18;6;58
91;2020-S12;E;47;339;19;4;65
91;2020-S13;0;868;2932;276;218;986
91;2020-S13;A;8;192;0;17;165
91;2020-S13;B;349;1329;68;105;384
91;2020-S13;C;321;863;109;72;247
91;2020-S13;D;87;228;40;11;73
91;2020-S13;E;103;320;59;13;117
91;2020-S14;0;700;2626;214;187;891
91;2020-S14;A;3;192;0;10;145
91;2020-S14;B;268;1123;34;85;319
91;2020-S14;C;265;781;74;74;226
91;2020-S14;D;76;219;46;9;77
91;2020-S14;E;88;311;60;9;124
92;2020-S10;0;21;6574;13;;
92;2020-S10;A;5;2132;5;;
92;2020-S10;B;7;2487;2;;
92;2020-S10;C;2;1019;1;;
92;2020-S10;D;3;347;2;;
92;2020-S10;E;4;589;3;;
92;2020-S11;0;161;6241;46;;
92;2020-S11;A;0;1900;0;;
92;2020-S11;B;80;2397;14;;
92;2020-S11;C;45;1084;12;;
92;2020-S11;D;14;335;6;;
92;2020-S11;E;22;525;14;;
92;2020-S12;0;388;3811;117;;
92;2020-S12;A;6;840;1;;
92;2020-S12;B;146;1452;13;;
92;2020-S12;C;126;844;29;;
92;2020-S12;D;48;285;26;;
92;2020-S12;E;62;390;48;;
92;2020-S13;0;867;3777;283;;
92;2020-S13;A;14;582;2;;
92;2020-S13;B;338;1436;28;;
92;2020-S13;C;301;1005;102;;
92;2020-S13;D;105;312;64;;
92;2020-S13;E;109;442;87;;
92;2020-S14;0;768;3426;285;;
92;2020-S14;A;12;516;0;;
92;2020-S14;B;259;1274;30;;
92;2020-S14;C;253;870;82;;
92;2020-S14;D;103;327;66;;
92;2020-S14;E;141;439;107;;
93;2020-S10;0;12;6899;6;;
93;2020-S10;A;1;1848;0;;
93;2020-S10;B;3;2994;0;;
93;2020-S10;C;6;1236;5;;
93;2020-S10;D;0;400;0;;
93;2020-S10;E;2;421;1;;
93;2020-S11;0;68;7180;14;;
93;2020-S11;A;4;1765;0;;
93;2020-S11;B;33;3334;5;;
93;2020-S11;C;20;1326;4;;
93;2020-S11;D;4;353;1;;
93;2020-S11;E;7;402;4;;
93;2020-S12;0;555;5208;98;;
93;2020-S12;A;12;772;1;;
93;2020-S12;B;286;2536;21;;
93;2020-S12;C;178;1272;37;;
93;2020-S12;D;45;308;19;;
93;2020-S12;E;34;320;20;;
93;2020-S13;0;1241;5049;317;;
93;2020-S13;A;7;528;1;;
93;2020-S13;B;506;2210;51;;
93;2020-S13;C;475;1484;118;;
93;2020-S13;D;157;434;77;;
93;2020-S13;E;96;393;70;;
93;2020-S14;0;1000;3846;319;;
93;2020-S14;A;9;356;6;;
93;2020-S14;B;367;1634;54;;
93;2020-S14;C;387;1134;126;;
93;2020-S14;D;128;361;62;;
93;2020-S14;E;109;361;71;;
94;2020-S10;0;38;6683;20;;
94;2020-S10;A;0;1360;0;;
94;2020-S10;B;19;2920;6;;
94;2020-S10;C;6;1285;3;;
94;2020-S10;D;2;425;1;;
94;2020-S10;E;11;693;10;;
94;2020-S11;0;399;6472;125;;
94;2020-S11;A;0;1209;0;;
94;2020-S11;B;216;2894;28;;
94;2020-S11;C;109;1340;42;;
94;2020-S11;D;27;421;16;;
94;2020-S11;E;47;607;39;;
94;2020-S12;0;862;4841;341;;
94;2020-S12;A;8;521;1;;
94;2020-S12;B;401;2178;99;;
94;2020-S12;C;290;1280;128;;
94;2020-S12;D;76;371;45;;
94;2020-S12;E;87;491;68;;
94;2020-S13;0;1816;5058;726;;
94;2020-S13;A;12;441;4;;
94;2020-S13;B;731;2099;130;;
94;2020-S13;C;696;1518;319;;
94;2020-S13;D;192;462;127;;
94;2020-S13;E;185;538;146;;
94;2020-S14;0;1513;4581;648;;
94;2020-S14;A;7;507;3;;
94;2020-S14;B;573;1774;112;;
94;2020-S14;C;577;1343;270;;
94;2020-S14;D;159;404;112;;
94;2020-S14;E;197;553;151;;
95;2020-S10;0;14;6008;2;16;2573
95;2020-S10;A;0;1794;0;2;1109
95;2020-S10;B;11;2349;0;10;980
95;2020-S10;C;2;1023;1;3;334
95;2020-S10;D;0;303;0;1;63
95;2020-S10;E;1;539;1;0;85
95;2020-S11;0;387;6600;133;117;2222
95;2020-S11;A;6;1943;3;16;874
95;2020-S11;B;188;2637;28;73;935
95;2020-S11;C;125;1100;45;24;293
95;2020-S11;D;33;363;25;3;50
95;2020-S11;E;35;556;32;1;70
95;2020-S12;0;871;4288;294;424;2250
95;2020-S12;A;15;781;4;49;645
95;2020-S12;B;375;1792;37;248;1011
95;2020-S12;C;312;1018;126;100;416
95;2020-S12;D;96;341;61;17;87
95;2020-S12;E;73;356;66;10;90
95;2020-S13;0;1722;4448;627;410;1561
95;2020-S13;A;12;539;7;21;330
95;2020-S13;B;711;1844;115;220;715
95;2020-S13;C;657;1305;250;120;309
95;2020-S13;D;186;366;130;29;95
95;2020-S13;E;156;394;125;20;112
95;2020-S14;0;1559;3931;557;331;1396
95;2020-S14;A;20;506;3;21;247
95;2020-S14;B;576;1490;67;161;566
95;2020-S14;C;603;1153;232;94;327
95;2020-S14;D;188;371;120;22;96
95;2020-S14;E;172;411;135;33;160
971;2020-S10;0;0;1745;0;;
971;2020-S10;A;0;476;0;;
971;2020-S10;B;0;597;0;;
971;2020-S10;C;0;341;0;;
971;2020-S10;D;0;148;0;;
971;2020-S10;E;0;183;0;;
971;2020-S11;0;0;1771;0;;
971;2020-S11;A;0;507;0;;
971;2020-S11;B;0;617;0;;
971;2020-S11;C;0;344;0;;
971;2020-S11;D;0;126;0;;
971;2020-S11;E;0;177;0;;
971;2020-S12;0;5;1040;3;;
971;2020-S12;A;0;246;0;;
971;2020-S12;B;2;393;0;;
971;2020-S12;C;1;199;1;;
971;2020-S12;D;0;91;0;;
971;2020-S12;E;2;111;2;;
971;2020-S13;0;17;546;8;;
971;2020-S13;A;0;75;0;;
971;2020-S13;B;7;210;1;;
971;2020-S13;C;7;135;4;;
971;2020-S13;D;1;54;1;;
971;2020-S13;E;2;72;2;;
971;2020-S14;0;9;253;5;;
971;2020-S14;A;0;26;0;;
971;2020-S14;B;2;96;1;;
971;2020-S14;C;3;63;2;;
971;2020-S14;D;2;29;0;;
971;2020-S14;E;2;39;2;;
972;2020-S10;0;;;;0;1014
972;2020-S10;A;;;;0;217
972;2020-S10;B;;;;0;391
972;2020-S10;C;;;;0;196
972;2020-S10;D;;;;0;72
972;2020-S10;E;;;;0;138
972;2020-S11;0;;;;0;973
972;2020-S11;A;;;;0;268
972;2020-S11;B;;;;0;282
972;2020-S11;C;;;;0;197
972;2020-S11;D;;;;0;82
972;2020-S11;E;;;;0;144
972;2020-S12;0;;;;0;810
972;2020-S12;A;;;;0;193
972;2020-S12;B;;;;0;226
972;2020-S12;C;;;;0;174
972;2020-S12;D;;;;0;85
972;2020-S12;E;;;;0;132
972;2020-S13;0;;;;13;710
972;2020-S13;A;;;;3;99
972;2020-S13;B;;;;9;223
972;2020-S13;C;;;;1;167
972;2020-S13;D;;;;0;82
972;2020-S13;E;;;;0;139
972;2020-S14;0;;;;35;684
972;2020-S14;A;;;;3;92
972;2020-S14;B;;;;11;171
972;2020-S14;C;;;;15;180
972;2020-S14;D;;;;3;76
972;2020-S14;E;;;;3;165
973;2020-S10;0;1;2019;0;;
973;2020-S10;A;0;691;0;;
973;2020-S10;B;1;848;0;;
973;2020-S10;C;0;359;0;;
973;2020-S10;D;0;61;0;;
973;2020-S10;E;0;60;0;;
973;2020-S11;0;0;1893;0;;
973;2020-S11;A;0;621;0;;
973;2020-S11;B;0;826;0;;
973;2020-S11;C;0;324;0;;
973;2020-S11;D;0;66;0;;
973;2020-S11;E;0;56;0;;
973;2020-S12;0;2;1291;0;;
973;2020-S12;A;0;375;0;;
973;2020-S12;B;2;595;0;;
973;2020-S12;C;0;219;0;;
973;2020-S12;D;0;57;0;;
973;2020-S12;E;0;45;0;;
973;2020-S13;0;6;1062;1;;
973;2020-S13;A;1;252;0;;
973;2020-S13;B;1;504;0;;
973;2020-S13;C;3;206;0;;
973;2020-S13;D;1;58;1;;
973;2020-S13;E;0;42;0;;
973;2020-S14;0;17;1006;4;;
973;2020-S14;A;0;207;0;;
973;2020-S14;B;9;508;1;;
973;2020-S14;C;8;210;3;;
973;2020-S14;D;0;44;0;;
973;2020-S14;E;0;37;0;;
974;2020-S10;0;5;3654;5;;
974;2020-S10;A;1;944;1;;
974;2020-S10;B;2;1301;2;;
974;2020-S10;C;2;809;2;;
974;2020-S10;D;0;288;0;;
974;2020-S10;E;0;312;0;;
974;2020-S11;0;51;3454;48;;
974;2020-S11;A;4;904;4;;
974;2020-S11;B;21;1195;19;;
974;2020-S11;C;17;740;16;;
974;2020-S11;D;7;262;7;;
974;2020-S11;E;2;353;2;;
974;2020-S12;0;3;2294;1;;
974;2020-S12;A;0;530;0;;
974;2020-S12;B;2;731;1;;
974;2020-S12;C;1;550;0;;
974;2020-S12;D;0;226;0;;
974;2020-S12;E;0;257;0;;
974;2020-S13;0;40;1833;21;;
974;2020-S13;A;1;352;0;;
974;2020-S13;B;15;636;6;;
974;2020-S13;C;17;478;9;;
974;2020-S13;D;2;162;2;;
974;2020-S13;E;5;205;4;;
974;2020-S14;0;45;1796;33;;
974;2020-S14;A;4;262;1;;
974;2020-S14;B;10;668;6;;
974;2020-S14;C;15;478;11;;
974;2020-S14;D;6;180;6;;
974;2020-S14;E;10;208;9;;
975;2020-S10;0;;;;;
975;2020-S10;A;;;;;
975;2020-S10;B;;;;;
975;2020-S10;C;;;;;
975;2020-S10;D;;;;;
975;2020-S10;E;;;;;
975;2020-S11;0;;;;;
975;2020-S11;A;;;;;
975;2020-S11;B;;;;;
975;2020-S11;C;;;;;
975;2020-S11;D;;;;;
975;2020-S11;E;;;;;
975;2020-S12;0;;;;;
975;2020-S12;A;;;;;
975;2020-S12;B;;;;;
975;2020-S12;C;;;;;
975;2020-S12;D;;;;;
975;2020-S12;E;;;;;
975;2020-S13;0;;;;;
975;2020-S13;A;;;;;
975;2020-S13;B;;;;;
975;2020-S13;C;;;;;
975;2020-S13;D;;;;;
975;2020-S13;E;;;;;
975;2020-S14;0;;;;;
975;2020-S14;A;;;;;
975;2020-S14;B;;;;;
975;2020-S14;C;;;;;
975;2020-S14;D;;;;;
975;2020-S14;E;;;;;
976;2020-S10;0;0;892;0;;
976;2020-S10;A;0;350;0;;
976;2020-S10;B;0;360;0;;
976;2020-S10;C;0;133;0;;
976;2020-S10;D;0;29;0;;
976;2020-S10;E;0;20;0;;
976;2020-S11;0;0;894;0;;
976;2020-S11;A;0;340;0;;
976;2020-S11;B;0;377;0;;
976;2020-S11;C;0;117;0;;
976;2020-S11;D;0;33;0;;
976;2020-S11;E;0;27;0;;
976;2020-S12;0;8;655;1;;
976;2020-S12;A;0;229;0;;
976;2020-S12;B;4;266;0;;
976;2020-S12;C;3;116;1;;
976;2020-S12;D;1;34;0;;
976;2020-S12;E;0;10;0;;
976;2020-S13;0;61;469;9;;
976;2020-S13;A;5;119;0;;
976;2020-S13;B;34;228;5;;
976;2020-S13;C;16;88;2;;
976;2020-S13;D;4;26;1;;
976;2020-S13;E;2;8;1;;
976;2020-S14;0;68;595;15;;
976;2020-S14;A;3;147;1;;
976;2020-S14;B;36;278;3;;
976;2020-S14;C;23;118;7;;
976;2020-S14;D;5;30;3;;
976;2020-S14;E;1;22;1;;
977;2020-S10;0;0;159;0;;
977;2020-S10;A;0;15;0;;
977;2020-S10;B;0;84;0;;
977;2020-S10;C;0;53;0;;
977;2020-S10;D;0;2;0;;
977;2020-S10;E;0;5;0;;
977;2020-S11;0;0;178;0;;
977;2020-S11;A;0;15;0;;
977;2020-S11;B;0;88;0;;
977;2020-S11;C;0;49;0;;
977;2020-S11;D;0;12;0;;
977;2020-S11;E;0;14;0;;
977;2020-S12;0;0;96;0;;
977;2020-S12;A;0;4;0;;
977;2020-S12;B;0;44;0;;
977;2020-S12;C;0;37;0;;
977;2020-S12;D;0;6;0;;
977;2020-S12;E;0;5;0;;
977;2020-S13;0;1;80;1;;
977;2020-S13;A;0;9;0;;
977;2020-S13;B;1;39;1;;
977;2020-S13;C;0;28;0;;
977;2020-S13;D;0;3;0;;
977;2020-S13;E;0;1;0;;
977;2020-S14;0;1;80;1;;
977;2020-S14;A;0;11;0;;
977;2020-S14;B;1;36;1;;
977;2020-S14;C;0;21;0;;
977;2020-S14;D;0;4;0;;
977;2020-S14;E;0;8;0;;
978;2020-S10;0;0;203;0;;
978;2020-S10;A;0;44;0;;
978;2020-S10;B;0;95;0;;
978;2020-S10;C;0;41;0;;
978;2020-S10;D;0;12;0;;
978;2020-S10;E;0;11;0;;
978;2020-S11;0;2;221;0;;
978;2020-S11;A;1;48;0;;
978;2020-S11;B;1;101;0;;
978;2020-S11;C;0;51;0;;
978;2020-S11;D;0;11;0;;
978;2020-S11;E;0;10;0;;
978;2020-S12;0;3;99;0;;
978;2020-S12;A;0;20;0;;
978;2020-S12;B;3;45;0;;
978;2020-S12;C;0;23;0;;
978;2020-S12;D;0;4;0;;
978;2020-S12;E;0;7;0;;
978;2020-S13;0;12;67;8;;
978;2020-S13;A;1;6;1;;
978;2020-S13;B;0;26;0;;
978;2020-S13;C;10;25;6;;
978;2020-S13;D;1;8;1;;
978;2020-S13;E;0;2;0;;
978;2020-S14;0;5;88;4;;
978;2020-S14;A;0;8;0;;
978;2020-S14;B;3;44;2;;
978;2020-S14;C;2;22;2;;
978;2020-S14;D;0;7;0;;
978;2020-S14;E;0;7;0;;
